Jarell Martin,28,1,2015-12-18,21,MEM,A,DAL,-9,0,3:28,0,2,0,0,0,NA,0,0,NA,0,0,0,0,0,0,0,0,0,-1.4,6,0
Jarell Martin,33,2,2015-12-27,21,MEM,H,LAL,16,0,5:49,1,3,0.333,0,0,NA,0,0,NA,0,0,0,0,0,0,0,2,2,-0.5,-6,2
Jarell Martin,56,3,2016-02-24,21,MEM,H,LAL,9,0,2:56,0,0,NA,0,0,NA,0,0,NA,0,0,0,0,0,0,0,0,0,0,-8,0
Jarell Martin,59,4,2016-02-29,21,MEM,A,DEN,7,0,11:39,1,2,0.5,0,0,NA,0,0,NA,1,3,4,0,0,0,0,1,2,2.2,3,7
Jarell Martin,60,5,2016-03-02,21,MEM,H,SAC,6,0,10:02,1,1,1,0,0,NA,0,0,NA,4,4,8,0,0,1,1,0,2,5.4,7,13.5
Jarell Martin,61,6,2016-03-04,21,MEM,H,UTA,6,0,3:11,0,0,NA,0,0,NA,0,0,NA,0,0,0,0,0,0,0,0,0,0,3,0
Jarell Martin,62,7,2016-03-06,21,MEM,H,PHO,-9,0,6:32,0,2,0,0,0,NA,0,0,NA,0,2,2,0,0,0,1,2,0,-2.6,-1,2
Jarell Martin,63,8,2016-03-07,21,MEM,A,CLE,3,0,18:30,1,4,0.25,0,0,NA,0,0,NA,2,1,3,2,0,0,2,4,2,-0.9,-8,7.8
Jarell Martin,64,9,2016-03-09,21,MEM,A,BOS,-20,0,23:02,7,10,0.7,0,0,NA,2,3,0.667,4,2,6,1,0,1,1,5,16,13.2,6,26.5
Jarell Martin,65,10,2016-03-11,21,MEM,H,NOP,7,0,21:16,3,9,0.333,0,0,NA,0,2,0,0,2,2,2,2,1,0,1,6,4.4,-2,17.5
Jarell Martin,66,11,2016-03-12,21,MEM,A,ATL,-12,0,19:41,3,10,0.3,0,0,NA,4,5,0.8,3,1,4,0,1,0,2,2,10,4.4,4,16
Jarell Martin,67,12,2016-03-14,21,MEM,A,HOU,-49,0,29:17,4,12,0.333,0,1,0,9,10,0.9,2,6,8,1,0,0,0,3,17,12.5,-18,28.5
Jarell Martin,68,13,2016-03-16,21,MEM,H,MIN,-6,0,23:33,5,9,0.556,0,1,0,2,3,0.667,3,5,8,1,0,1,0,1,12,11.9,-2,25.5
Jarell Martin,69,14,2016-03-17,21,MEM,A,MIL,-10,0,18:04,2,7,0.286,0,0,NA,1,2,0.5,2,1,3,1,0,0,2,2,5,0.1,-14,9.3
Jarell Martin,70,15,2016-03-19,21,MEM,H,LAC,11,0,12:12,3,7,0.429,0,0,NA,0,0,NA,6,1,7,1,0,0,2,5,6,3.5,-14,15.3
Jarell Martin,71,16,2016-03-21,21,MEM,A,PHO,6,0,4:55,0,1,0,0,0,NA,2,2,1,0,0,0,0,0,0,0,1,2,0.9,-10,2
Jarell Martin,72,17,2016-03-22,21,MEM,A,LAL,-7,0,12:11,2,3,0.667,0,0,NA,2,3,0.667,1,1,2,0,2,0,2,3,6,4.1,5,11.5
Jarell Martin,73,18,2016-03-25,21,MEM,A,SAS,-6,0,15:42,1,1,1,0,0,NA,1,2,0.5,1,1,2,2,0,0,0,1,3,4.3,-3,8.5
Jarell Martin,74,19,2016-03-28,21,MEM,H,SAS,-14,0,20:17,3,6,0.5,0,0,NA,1,2,0.5,1,4,5,0,0,1,1,3,7,4,4,14.8
Jarell Martin,75,20,2016-03-30,21,MEM,H,DEN,-4,0,2:48,1,1,1,0,0,NA,0,0,NA,0,0,0,0,0,0,0,0,2,1.7,-4,2
Jarell Martin,76,21,2016-04-01,21,MEM,H,TOR,-4,0,18:08,1,1,1,0,0,NA,6,8,0.75,1,3,4,0,2,1,0,3,8,10,17,19
Jarell Martin,77,22,2016-04-03,21,MEM,A,ORL,-12,0,15:36,1,3,0.333,0,0,NA,5,6,0.833,2,4,6,1,0,0,1,2,7,6.4,11,15.5
Jarell Martin,78,23,2016-04-05,21,MEM,H,CHI,16,0,13:38,3,3,1,0,0,NA,1,1,1,0,0,0,1,0,0,0,2,7,6,6,8.5
Jarell Martin,79,24,2016-04-08,21,MEM,A,DAL,-10,0,10:36,2,3,0.667,0,0,NA,0,2,0,2,1,3,0,0,0,1,3,4,1.4,-6,7.3
Jarell Martin,80,25,2016-04-09,21,MEM,H,GSW,-1,0,12:40,2,4,0.5,0,0,NA,0,0,NA,1,0,1,0,0,1,0,3,4,2.2,-2,7.3
Jarell Martin,81,26,2016-04-12,21,MEM,A,LAC,-26,0,19:50,3,4,0.75,0,0,NA,6,7,0.857,1,2,3,2,0,0,0,5,12,10.7,-7,18.8
Jarell Martin,82,27,2016-04-13,21,MEM,A,GSW,-21,0,24:00,4,8,0.5,0,0,NA,3,4,0.75,2,3,5,0,1,0,3,4,11,5.3,-6,17.8
James Ennis,12,4,2015-11-20,25,MEM,H,HOU,12,0,1:13,0,1,0,0,1,0,0,0,NA,1,0,1,0,0,0,0,0,0,0,-1,1.3
James Ennis,14,5,2015-11-24,25,MEM,H,DAL,14,0,2:16,0,0,NA,0,0,NA,0,0,NA,0,0,0,0,1,0,0,0,0,1,-1,2
James Ennis,19,6,2015-12-03,25,MEM,H,SAS,-20,0,5:58,0,1,0,0,1,0,3,4,0.75,0,2,2,1,1,1,0,0,3,4.9,1,11
James Ennis,26,7,2015-12-16,25,MEM,A,CHI,-13,0,9:14,1,2,0.5,1,1,1,1,2,0.5,1,1,2,1,0,1,1,0,4,4,-2,10
James Ennis,27,8,2015-12-18,25,MEM,A,DAL,-9,0,7:52,1,2,0.5,1,1,1,1,2,0.5,0,0,0,0,1,0,1,1,4,2.2,-2,6
James Ennis,37,9,2016-01-08,25,MEM,H,DEN,7,0,0:13,0,0,NA,0,0,NA,0,0,NA,0,0,0,0,0,0,0,0,0,0,0,0
James Ennis,39,10,2016-01-12,25,MEM,H,HOU,-16,0,1:34,1,2,0.5,0,1,0,0,0,NA,0,0,0,0,0,0,0,0,2,1,-3,2
James Ennis,53,11,2016-02-19,25,MEM,H,MIN,5,0,4:20,0,0,NA,0,0,NA,1,2,0.5,0,0,0,0,1,0,0,0,1,1.6,-3,3
James Ennis,55,12,2016-02-24,25,MEM,H,LAL,9,0,1:03,0,1,0,0,1,0,0,0,NA,0,0,0,0,0,0,0,0,0,-0.7,-5,0
James Ennis,56,13,2016-02-26,25,MEM,A,LAL,17,0,5:51,1,4,0.25,0,2,0,0,0,NA,2,0,2,0,0,0,0,0,2,1,-8,4.5
Marc Gasol,1,1,2015-10-28,30,MEM,H,CLE,-30,1,29:43,6,12,0.5,0,0,NA,0,0,NA,0,5,5,0,0,0,1,3,12,5.3,-6,17.8
Marc Gasol,2,2,2015-10-29,30,MEM,A,IND,9,1,32:31,7,13,0.538,0,0,NA,6,7,0.857,1,7,8,3,0,1,0,1,20,18.5,13,36.5
Marc Gasol,3,3,2015-10-31,30,MEM,H,BRK,10,1,29:50,2,10,0.2,0,1,0,3,4,0.75,1,3,4,6,0,0,3,4,7,1.6,7,19.5
Marc Gasol,4,4,2015-11-02,30,MEM,A,GSW,-50,1,25:40,5,12,0.417,0,0,NA,3,3,1,3,6,9,3,0,1,2,2,13,10.5,-32,29.8
Marc Gasol,5,5,2015-11-03,30,MEM,A,SAC,14,1,17:38,4,8,0.5,0,0,NA,0,0,NA,0,2,2,2,0,1,1,1,8,5.3,7,15
Marc Gasol,6,6,2015-11-05,30,MEM,A,POR,-19,1,27:39,4,13,0.308,0,0,NA,7,10,0.7,1,4,5,3,0,2,1,2,15,9.9,-21,29.3
Marc Gasol,7,7,2015-11-07,30,MEM,A,UTA,-10,1,38:19,4,14,0.286,0,0,NA,5,5,1,3,7,10,6,0,1,4,3,13,8.7,-7,36
Marc Gasol,8,8,2015-11-09,30,MEM,A,LAC,-2,1,37:05,5,8,0.625,0,0,NA,8,12,0.667,1,6,7,3,0,0,4,5,18,11.4,2,29.3
Marc Gasol,9,9,2015-11-11,30,MEM,H,GSW,-16,1,39:49,6,15,0.4,1,1,1,13,14,0.929,2,5,7,3,2,0,2,3,26,21.3,-5,42.8
Marc Gasol,10,10,2015-11-13,30,MEM,H,POR,1,1,40:49,11,18,0.611,1,1,1,8,8,1,1,3,4,5,0,0,0,2,31,27.1,0,44
Marc Gasol,11,11,2015-11-15,30,MEM,A,MIN,8,1,37:16,7,10,0.7,0,0,NA,2,2,1,1,6,7,4,0,2,4,4,16,12.9,6,32.8
Marc Gasol,12,12,2015-11-16,30,MEM,H,OKC,8,1,35:04,7,13,0.538,0,0,NA,3,3,1,1,5,6,6,0,1,4,5,17,11.8,11,33.5
Marc Gasol,13,13,2015-11-20,30,MEM,H,HOU,12,1,37:26,7,14,0.5,0,0,NA,2,2,1,3,8,11,11,4,0,2,2,16,22.4,14,57.8
Marc Gasol,14,14,2015-11-21,30,MEM,A,SAS,-10,1,39:42,3,9,0.333,0,0,NA,2,2,1,3,5,8,6,3,0,5,3,8,7.5,-8,30.5
Marc Gasol,15,15,2015-11-24,30,MEM,H,DAL,14,1,36:07,4,12,0.333,0,0,NA,7,7,1,0,10,10,4,0,2,1,4,15,12.8,11,38.5
Marc Gasol,16,16,2015-11-25,30,MEM,A,HOU,9,1,38:35,5,12,0.417,0,0,NA,1,2,0.5,1,6,7,2,1,1,6,2,11,3,16,23.8
Marc Gasol,17,17,2015-11-27,30,MEM,H,ATL,-15,1,36:33,4,9,0.444,0,0,NA,5,6,0.833,1,7,8,2,0,0,2,2,13,9.3,-24,25
Marc Gasol,18,18,2015-11-29,30,MEM,H,PHI,8,1,39:01,4,8,0.5,0,0,NA,1,2,0.5,1,11,12,3,1,4,3,3,9,10.3,9,37
Marc Gasol,19,19,2015-12-01,30,MEM,A,NOP,9,1,42:11,11,22,0.5,0,0,NA,16,16,1,0,13,13,6,0,4,3,1,38,34.5,8,71.3
Marc Gasol,20,20,2015-12-03,30,MEM,H,SAS,-20,1,33:33,7,11,0.636,0,0,NA,1,2,0.5,2,6,8,2,2,3,5,3,15,12.2,-16,35.5
Marc Gasol,21,21,2015-12-06,30,MEM,H,PHO,2,1,36:30,9,17,0.529,0,0,NA,4,6,0.667,1,7,8,0,0,2,1,2,22,15.3,-9,35.5
Marc Gasol,22,22,2015-12-08,30,MEM,H,OKC,-37,1,23:12,4,9,0.444,0,0,NA,3,3,1,1,3,4,1,0,1,3,2,11,5.5,-25,18
Marc Gasol,23,23,2015-12-09,30,MEM,A,DET,1,1,35:34,9,18,0.5,0,0,NA,1,2,0.5,2,10,12,4,1,2,6,2,19,12.4,-2,44.5
Marc Gasol,24,24,2015-12-11,30,MEM,H,CHO,-24,1,37:18,5,11,0.455,0,0,NA,7,8,0.875,0,9,9,5,2,1,4,2,17,15,-17,39.8
Marc Gasol,25,25,2015-12-13,30,MEM,A,MIA,-3,1,36:52,5,10,0.5,0,0,NA,2,4,0.5,2,5,7,4,0,0,2,1,12,9.5,9,25.8
Marc Gasol,26,26,2015-12-14,30,MEM,H,WAS,17,1,39:02,9,17,0.529,0,0,NA,6,6,1,1,11,12,6,1,3,3,4,24,22.4,16,56
Marc Gasol,27,27,2015-12-16,30,MEM,A,CHI,-13,1,33:57,4,10,0.4,0,0,NA,0,0,NA,2,5,7,7,0,0,3,4,8,5.8,-8,25.8
Marc Gasol,28,28,2015-12-18,30,MEM,A,DAL,-9,1,33:35,6,14,0.429,0,0,NA,4,4,1,1,7,8,1,3,0,2,2,16,12.3,-4,32.5
Marc Gasol,29,29,2015-12-19,30,MEM,H,IND,12,1,39:35,9,18,0.5,0,0,NA,1,2,0.5,3,9,12,6,2,1,0,3,19,20.1,11,50.5
Marc Gasol,30,30,2015-12-22,30,MEM,A,PHI,14,1,34:43,7,15,0.467,0,0,NA,5,5,1,0,6,6,5,3,1,1,4,19,17.7,7,41.5
Marc Gasol,31,31,2015-12-23,30,MEM,A,WAS,-9,1,32:08,3,9,0.333,0,0,NA,5,6,0.833,1,5,6,2,0,2,0,1,11,10.1,-5,25.5
Marc Gasol,32,32,2015-12-26,30,MEM,A,CHO,-6,1,33:14,8,18,0.444,0,0,NA,2,4,0.5,1,4,5,2,0,1,1,3,18,9.6,-11,28.8
Marc Gasol,33,33,2015-12-27,30,MEM,H,LAL,16,1,23:17,7,11,0.636,0,0,NA,2,2,1,0,3,3,6,1,0,0,2,16,16.4,20,30.8
Marc Gasol,34,34,2015-12-29,30,MEM,H,MIA,9,1,44:18,8,18,0.444,0,0,NA,7,7,1,0,8,8,6,0,4,2,3,23,19.8,15,49
Marc Gasol,35,35,2016-01-02,30,MEM,A,UTA,-5,1,45:26,8,20,0.4,0,0,NA,4,5,0.8,2,5,7,4,0,2,4,4,20,10.3,8,36.8
Marc Gasol,36,36,2016-01-04,30,MEM,A,POR,13,1,30:06,3,12,0.25,0,0,NA,1,2,0.5,1,5,6,2,1,1,4,3,7,-0.5,-13,19.5
Marc Gasol,37,37,2016-01-06,30,MEM,A,OKC,-18,1,24:08,2,11,0.182,0,0,NA,4,4,1,1,3,4,2,0,0,0,1,8,3.7,-13,16
Marc Gasol,38,38,2016-01-08,30,MEM,H,DEN,7,1,37:03,5,17,0.294,0,0,NA,2,3,0.667,2,2,4,3,5,1,0,4,12,9.9,9,33.5
Marc Gasol,39,39,2016-01-10,30,MEM,H,BOS,3,1,36:16,5,17,0.294,0,0,NA,1,1,1,2,9,11,1,0,0,2,4,11,2.3,-5,26.8
Marc Gasol,40,40,2016-01-12,30,MEM,H,HOU,-16,1,40:21,8,15,0.533,0,0,NA,4,5,0.8,1,4,5,3,2,3,2,3,20,17.2,-11,39.8
Marc Gasol,41,41,2016-01-14,30,MEM,H,DET,2,1,37:18,8,20,0.4,0,0,NA,3,4,0.75,0,5,5,4,2,3,3,5,19,11.2,-11,39.8
Marc Gasol,42,42,2016-01-16,30,MEM,H,NYK,8,1,40:44,15,29,0.517,0,0,NA,7,8,0.875,1,7,8,3,0,3,1,4,37,26.7,11,57
Marc Gasol,43,43,2016-01-18,30,MEM,H,NOP,2,1,39:22,6,13,0.462,0,0,NA,4,8,0.5,4,6,10,6,2,1,4,4,16,13.6,4,43
Marc Gasol,44,44,2016-01-21,30,MEM,A,DEN,1,1,35:14,9,14,0.643,0,0,NA,9,10,0.9,0,4,4,6,1,3,3,3,27,24.7,13,47.5
Marc Gasol,45,45,2016-01-23,30,MEM,A,MIN,-5,1,31:36,7,12,0.583,0,0,NA,3,4,0.75,0,2,2,1,0,1,2,1,17,10.6,-9,22
Marc Gasol,46,46,2016-01-25,30,MEM,H,ORL,6,1,42:10,7,20,0.35,0,0,NA,3,4,0.75,2,3,5,5,4,2,1,2,17,14.8,4,42.3
Marc Gasol,47,47,2016-01-28,30,MEM,H,MIL,20,1,28:05,7,11,0.636,0,0,NA,1,2,0.5,1,7,8,4,4,0,1,2,15,17.5,17,38.5
Marc Gasol,48,48,2016-01-30,31,MEM,H,SAC,4,1,33:56,7,14,0.5,0,0,NA,8,8,1,0,6,6,5,2,5,3,3,22,21.6,8,49.5
Marc Gasol,49,49,2016-02-01,31,MEM,A,NOP,15,1,32:15,7,12,0.583,0,0,NA,0,2,0,0,3,3,7,0,2,2,3,14,11.6,21,31.3
Marc Gasol,50,50,2016-02-05,31,MEM,A,NYK,6,1,31:29,5,11,0.455,0,0,NA,0,0,NA,0,7,7,1,1,1,3,2,10,5,4,22.8
Marc Gasol,51,51,2016-02-06,31,MEM,H,DAL,-4,1,36:49,9,15,0.6,0,0,NA,4,6,0.667,0,6,6,2,0,1,2,3,22,15,-10,33.5
Marc Gasol,52,52,2016-02-08,31,MEM,H,POR,-6,1,10:59,4,6,0.667,0,0,NA,3,3,1,0,3,3,2,0,0,0,0,11,10.7,2,17.8
Zach Randolph,1,1,2015-10-28,34,MEM,H,CLE,-30,1,30:54,5,11,0.455,0,1,0,2,4,0.5,3,5,8,0,1,0,2,1,12,7.7,-7,23
Zach Randolph,2,2,2015-10-29,34,MEM,A,IND,9,1,29:32,3,11,0.273,0,0,NA,5,6,0.833,2,6,8,2,0,0,2,3,11,5.5,17,23
Zach Randolph,3,3,2015-10-31,34,MEM,H,BRK,10,1,29:38,6,12,0.5,0,0,NA,3,4,0.75,3,10,13,1,0,0,3,2,15,10.6,8,32.8
Zach Randolph,4,4,2015-11-02,34,MEM,A,GSW,-50,1,19:11,2,9,0.222,0,0,NA,0,0,NA,1,2,3,0,0,0,0,1,4,-0.6,-30,7.8
Zach Randolph,5,5,2015-11-03,34,MEM,A,SAC,14,1,29:08,9,14,0.643,0,0,NA,2,2,1,3,8,11,2,0,0,4,2,20,14.9,15,36.3
Zach Randolph,6,6,2015-11-05,34,MEM,A,POR,-19,1,32:32,8,12,0.667,0,0,NA,0,0,NA,2,8,10,2,1,0,3,1,16,13.6,-14,33.5
Zach Randolph,7,7,2015-11-07,34,MEM,A,UTA,-10,1,38:01,5,12,0.417,0,0,NA,0,0,NA,3,6,9,2,1,0,2,3,10,6.7,-1,25.3
Zach Randolph,8,8,2015-11-09,34,MEM,A,LAC,-2,1,39:31,12,19,0.632,0,0,NA,2,2,1,2,7,9,4,3,0,0,3,26,25.6,15,49.3
Zach Randolph,9,9,2015-11-11,34,MEM,H,GSW,-16,1,30:28,6,13,0.462,0,0,NA,7,7,1,1,6,7,2,1,0,6,5,19,9.2,-8,29.8
Zach Randolph,10,10,2015-11-13,34,MEM,H,POR,1,1,28:33,6,16,0.375,0,0,NA,3,4,0.75,4,4,8,3,2,0,3,2,15,10.1,-10,32
Zach Randolph,11,11,2015-11-15,34,MEM,A,MIN,8,1,27:57,6,8,0.75,0,0,NA,2,2,1,1,7,8,1,1,1,1,1,14,14.6,2,29
Zach Randolph,12,12,2015-11-16,34,MEM,H,OKC,8,1,29:26,4,16,0.25,0,0,NA,4,4,1,5,5,10,2,0,0,1,1,12,7.4,4,28.5
Zach Randolph,18,13,2015-11-29,34,MEM,H,PHI,8,1,32:00,6,17,0.353,0,0,NA,5,6,0.833,7,4,11,0,1,0,2,1,17,11.8,7,33.3
Zach Randolph,19,14,2015-12-01,34,MEM,A,NOP,9,1,26:11,6,14,0.429,0,0,NA,2,2,1,4,2,6,0,0,0,0,2,14,9.2,-1,21.5
Zach Randolph,20,15,2015-12-03,34,MEM,H,SAS,-20,1,28:44,4,10,0.4,0,0,NA,1,2,0.5,3,3,6,1,0,0,1,2,9,5.1,-10,17.5
Zach Randolph,21,16,2015-12-06,34,MEM,H,PHO,2,1,36:43,5,16,0.313,0,0,NA,0,0,NA,4,5,9,3,0,0,1,2,10,5.4,-1,25.3
Zach Randolph,22,17,2015-12-08,34,MEM,H,OKC,-37,1,31:19,3,10,0.3,0,0,NA,3,4,0.75,3,7,10,0,0,0,1,3,9,4.8,-20,21
Zach Randolph,23,18,2015-12-09,34,MEM,A,DET,1,1,35:07,10,18,0.556,0,0,NA,1,4,0.25,7,9,16,1,0,0,1,3,21,17.3,5,43.5
Zach Randolph,24,19,2015-12-11,34,MEM,H,CHO,-24,1,29:10,5,9,0.556,0,1,0,3,4,0.75,4,3,7,1,1,0,0,0,13,13.7,-11,25.3
Zach Randolph,25,20,2015-12-13,34,MEM,A,MIA,-3,0,26:18,6,9,0.667,0,0,NA,0,1,0,0,6,6,4,0,0,0,1,12,11.9,-5,25.5
Zach Randolph,26,21,2015-12-14,34,MEM,H,WAS,17,0,20:45,4,7,0.571,0,0,NA,0,0,NA,1,3,4,1,1,0,2,2,8,5.2,8,15.5
Zach Randolph,27,22,2015-12-16,34,MEM,A,CHI,-13,0,29:51,4,9,0.444,0,0,NA,2,2,1,0,11,11,5,0,0,1,3,10,9.9,-9,32.3
Zach Randolph,28,23,2015-12-18,34,MEM,A,DAL,-9,0,26:20,3,10,0.3,0,0,NA,1,2,0.5,3,5,8,1,0,0,1,4,7,2.5,-17,18
Zach Randolph,29,24,2015-12-19,34,MEM,H,IND,12,0,14:23,3,4,0.75,0,0,NA,0,0,NA,0,2,2,0,0,0,0,1,6,4.6,-9,8.5
Zach Randolph,30,25,2015-12-22,34,MEM,A,PHI,14,0,24:39,6,10,0.6,0,0,NA,2,2,1,4,4,8,3,1,0,0,2,14,15.7,8,30.5
Zach Randolph,31,26,2015-12-23,34,MEM,A,WAS,-9,0,25:50,5,9,0.556,0,0,NA,6,6,1,2,3,5,0,0,1,1,1,16,13.3,-1,23.8
Zach Randolph,32,27,2015-12-26,34,MEM,A,CHO,-6,0,32:56,8,19,0.421,0,1,0,2,6,0.333,8,4,12,1,1,0,1,2,18,13,10,37.5
Zach Randolph,33,28,2015-12-27,34,MEM,H,LAL,16,0,20:29,7,8,0.875,0,0,NA,2,2,1,0,3,3,0,1,0,2,2,16,12.3,5,20.8
Zach Randolph,34,29,2015-12-29,34,MEM,H,MIA,9,1,33:08,7,10,0.7,0,0,NA,3,3,1,2,5,7,3,0,0,2,1,17,15.4,3,29.3
Zach Randolph,35,30,2016-01-02,34,MEM,A,UTA,-5,0,24:27,4,10,0.4,0,0,NA,0,4,0,1,4,5,3,1,0,1,2,8,4.2,-9,20.3
Zach Randolph,36,31,2016-01-04,34,MEM,A,POR,13,0,31:26,11,18,0.611,0,0,NA,4,4,1,6,12,18,3,1,0,3,0,26,25.7,25,55
Zach Randolph,37,32,2016-01-06,34,MEM,A,OKC,-18,0,24:32,5,13,0.385,0,0,NA,2,2,1,3,3,6,0,2,0,1,1,12,8.5,-6,23
Zach Randolph,38,33,2016-01-08,34,MEM,H,DEN,7,0,28:09,9,19,0.474,0,0,NA,6,8,0.75,3,3,6,1,0,3,0,2,24,18.5,2,39
Zach Randolph,39,34,2016-01-10,34,MEM,H,BOS,3,0,38:03,8,17,0.471,1,1,1,8,8,1,8,5,13,2,1,2,2,2,25,24.4,18,51.3
Zach Randolph,40,35,2016-01-12,34,MEM,H,HOU,-16,0,32:40,5,10,0.5,0,1,0,0,0,NA,4,5,9,0,0,0,2,4,10,5.7,-9,20.3
Zach Randolph,41,36,2016-01-14,34,MEM,H,DET,2,1,29:45,6,10,0.6,0,0,NA,1,3,0.333,1,2,3,3,1,0,1,3,13,9.8,9,22.8
Zach Randolph,42,37,2016-01-16,34,MEM,H,NYK,8,1,21:46,6,12,0.5,0,0,NA,2,3,0.667,4,2,6,0,0,0,0,0,14,11,-5,21.5
Zach Randolph,43,38,2016-01-18,34,MEM,H,NOP,2,1,24:26,3,9,0.333,0,0,NA,2,2,1,3,5,8,1,2,0,0,3,8,8,-6,23.5
Zach Randolph,44,39,2016-01-21,34,MEM,A,DEN,1,1,29:27,5,7,0.714,0,0,NA,3,4,0.75,2,4,6,0,0,1,3,3,13,8.8,0,21
Zach Randolph,45,40,2016-01-23,34,MEM,A,MIN,-5,1,22:01,3,9,0.333,0,1,0,1,2,0.5,2,4,6,1,0,0,0,2,7,4,-7,16
Zach Randolph,46,41,2016-01-25,34,MEM,H,ORL,6,1,33:52,8,16,0.5,0,0,NA,2,4,0.5,4,9,13,1,0,0,2,2,18,12.6,6,36.3
Zach Randolph,47,42,2016-01-28,34,MEM,H,MIL,20,1,20:03,3,8,0.375,0,0,NA,2,2,1,1,2,3,0,1,0,1,1,8,4.5,7,13.3
Zach Randolph,48,43,2016-01-30,34,MEM,H,SAC,4,1,24:39,5,8,0.625,0,0,NA,0,0,NA,1,4,5,2,1,0,3,3,10,6.5,9,19.8
Zach Randolph,49,44,2016-02-01,34,MEM,A,NOP,15,1,32:48,10,15,0.667,0,1,0,2,3,0.667,2,10,12,1,0,0,3,1,22,16.8,18,38.5
Zach Randolph,50,45,2016-02-05,34,MEM,A,NYK,6,1,28:59,5,10,0.5,0,1,0,0,0,NA,1,3,4,1,1,0,1,3,10,6.1,0,18
Zach Randolph,51,46,2016-02-06,34,MEM,H,DAL,-4,1,35:36,9,21,0.429,0,1,0,2,4,0.5,5,9,14,2,1,0,3,5,20,11.7,7,42.5
Zach Randolph,52,47,2016-02-08,34,MEM,H,POR,-6,1,40:04,12,19,0.632,0,0,NA,2,2,1,1,8,9,4,0,0,1,2,26,21.6,-4,42.8
Zach Randolph,53,48,2016-02-10,34,MEM,A,BRK,19,1,27:00,6,12,0.5,1,1,1,2,2,1,1,2,3,6,3,1,1,2,15,16.4,18,35.8
Zach Randolph,54,49,2016-02-19,34,MEM,H,MIN,5,1,33:45,8,14,0.571,0,1,0,1,2,0.5,2,6,8,1,0,0,2,3,17,10.7,0,27.5
Zach Randolph,55,50,2016-02-21,34,MEM,A,TOR,-13,1,35:42,7,13,0.538,0,0,NA,4,4,1,1,5,6,2,0,0,1,2,18,13.5,-12,28
Zach Randolph,56,51,2016-02-24,34,MEM,H,LAL,9,1,29:02,5,12,0.417,0,1,0,4,6,0.667,2,7,9,3,1,0,1,3,14,11.2,25,31.3
Zach Randolph,57,52,2016-02-26,34,MEM,A,LAL,17,1,25:01,6,12,0.5,1,2,0.5,2,2,1,0,10,10,5,0,0,1,1,15,14.1,14,36.5
Zach Randolph,58,53,2016-02-27,34,MEM,A,PHO,-5,1,27:56,6,15,0.4,0,0,NA,7,7,1,1,3,4,1,0,0,1,1,19,11.8,-5,25
Zach Randolph,59,54,2016-02-29,34,MEM,A,DEN,7,1,32:53,9,17,0.529,0,0,NA,4,4,1,1,3,4,6,0,1,1,3,22,18,0,37.5
Zach Randolph,60,55,2016-03-02,34,MEM,H,SAC,6,1,34:52,6,13,0.462,0,0,NA,7,7,1,4,4,8,2,0,0,2,4,19,14.1,0,31
Zach Randolph,61,56,2016-03-04,34,MEM,H,UTA,6,1,34:50,9,18,0.5,1,1,1,6,6,1,2,6,8,1,0,0,2,2,25,17.1,-12,36
Zach Randolph,62,57,2016-03-06,34,MEM,H,PHO,-9,1,31:13,3,10,0.3,0,0,NA,0,0,NA,1,7,8,3,0,0,0,1,6,4.7,-9,20.5
Zach Randolph,70,58,2016-03-19,34,MEM,H,LAC,11,1,35:48,10,19,0.526,0,1,0,8,8,1,3,8,11,10,0,0,2,4,28,26.6,25,60.3
Zach Randolph,71,59,2016-03-21,34,MEM,A,PHO,6,1,30:10,7,15,0.467,0,0,NA,0,0,NA,0,13,13,2,1,1,2,2,14,10.5,10,37.8
Zach Randolph,72,60,2016-03-22,34,MEM,A,LAL,-7,1,37:49,7,17,0.412,0,0,NA,2,4,0.5,3,3,6,5,3,1,2,4,16,12.7,-4,38
Zach Randolph,75,61,2016-03-30,34,MEM,H,DEN,-4,1,33:32,10,20,0.5,1,1,1,5,6,0.833,3,3,6,2,1,0,3,0,26,18,4,37.5
Zach Randolph,76,62,2016-04-01,34,MEM,H,TOR,-4,1,29:26,6,18,0.333,0,1,0,4,4,1,2,2,4,3,1,0,2,4,16,7.3,-19,26.5
Zach Randolph,77,63,2016-04-03,34,MEM,A,ORL,-12,1,31:40,5,15,0.333,1,2,0.5,4,6,0.667,2,5,7,7,0,0,1,3,15,11.3,-1,34.3
Zach Randolph,78,64,2016-04-05,34,MEM,H,CHI,16,1,35:05,10,19,0.526,0,1,0,7,8,0.875,5,5,10,4,2,0,2,2,27,24.3,7,50
Zach Randolph,79,65,2016-04-08,34,MEM,A,DAL,-10,1,32:01,6,20,0.3,0,1,0,1,1,1,3,3,6,2,0,0,3,4,13,1.2,-7,22
Zach Randolph,80,66,2016-04-09,34,MEM,H,GSW,-1,1,26:34,6,19,0.316,0,1,0,0,0,NA,3,4,7,1,0,1,1,2,12,4,-20,23.8
Zach Randolph,81,67,2016-04-12,34,MEM,A,LAC,-26,1,24:57,7,15,0.467,0,1,0,0,1,0,1,3,4,2,1,0,1,2,14,8.1,-20,23.5
Zach Randolph,82,68,2016-04-13,34,MEM,A,GSW,-21,1,25:41,11,21,0.524,0,2,0,2,2,1,5,1,6,4,2,0,4,1,24,17.9,-13,39.5
Bryce Cotton,26,4,2016-04-03,23,MEM,A,ORL,-12,0,0:46,1,1,1,0,0,NA,0,0,NA,0,0,0,0,0,0,0,0,2,1.7,0,2
Bryce Cotton,27,5,2016-04-05,23,MEM,H,CHI,16,0,0:20,0,0,NA,0,0,NA,0,0,NA,0,0,0,0,0,0,0,0,0,0,-2,0
Bryce Cotton,28,6,2016-04-08,23,MEM,A,DAL,-10,0,0:14,0,0,NA,0,0,NA,0,0,NA,0,0,0,0,0,0,0,0,0,0,0,0
Bryce Cotton,30,7,2016-04-12,23,MEM,A,LAC,-26,0,2:47,0,0,NA,0,0,NA,0,0,NA,0,0,0,0,0,0,0,0,0,0,-7,0
Bryce Cotton,31,8,2016-04-13,23,MEM,A,GSW,-21,0,1:56,1,1,1,0,0,NA,0,0,NA,0,0,0,0,0,0,0,0,2,1.7,-1,2
Mario Chalmers,9,7,2015-11-13,29,MEM,H,POR,1,0,19:37,4,6,0.667,1,2,0.5,2,2,1,0,1,1,2,4,0,1,1,11,12.7,5,23.3
Mario Chalmers,10,8,2015-11-15,29,MEM,A,MIN,8,0,18:10,2,4,0.5,2,3,0.667,10,10,1,0,0,0,4,0,1,3,1,16,14.1,7,23.5
Mario Chalmers,11,9,2015-11-16,29,MEM,H,OKC,8,0,22:45,6,13,0.462,4,7,0.571,13,15,0.867,0,2,2,1,1,0,1,3,29,21.6,9,36.5
Mario Chalmers,12,10,2015-11-20,29,MEM,H,HOU,12,0,16:31,2,9,0.222,0,1,0,6,6,1,1,3,4,3,1,0,0,5,10,7.2,11,21.5
Mario Chalmers,13,11,2015-11-21,29,MEM,A,SAS,-10,0,21:03,2,10,0.2,0,2,0,2,2,1,0,2,2,4,1,0,1,4,6,1.6,-6,16
Mario Chalmers,14,12,2015-11-24,29,MEM,H,DAL,14,0,20:54,4,7,0.571,0,1,0,6,10,0.6,0,1,1,2,5,0,1,2,14,14,2,27.8
Mario Chalmers,15,13,2015-11-25,29,MEM,A,HOU,9,0,23:20,2,7,0.286,0,3,0,2,2,1,0,3,3,5,0,0,2,3,6,3.1,3,16.3
Mario Chalmers,16,14,2015-11-27,29,MEM,H,ATL,-15,0,10:46,0,2,0,0,2,0,3,4,0.75,0,1,1,2,0,0,5,4,3,-3.7,4,4.8
Mario Chalmers,17,15,2015-11-29,29,MEM,H,PHI,8,0,14:45,2,5,0.4,1,1,1,0,0,NA,2,1,3,2,1,0,3,4,5,1.8,2,12.8
Mario Chalmers,18,16,2015-12-01,29,MEM,A,NOP,9,0,23:37,4,4,1,0,0,NA,3,4,0.75,1,3,4,4,0,0,0,4,11,12.2,22,22
Mario Chalmers,19,17,2015-12-03,29,MEM,H,SAS,-20,0,19:54,3,11,0.273,1,6,0.167,8,8,1,2,3,5,2,2,0,1,3,15,12,-10,28.3
Mario Chalmers,20,18,2015-12-06,29,MEM,H,PHO,2,0,21:08,3,7,0.429,1,3,0.333,4,4,1,1,3,4,2,3,0,2,2,11,10.5,7,24.5
Mario Chalmers,21,19,2015-12-08,29,MEM,H,OKC,-37,0,21:14,6,8,0.75,0,1,0,7,8,0.875,0,2,2,1,2,1,3,2,19,15.6,-13,27.5
Mario Chalmers,22,20,2015-12-09,29,MEM,A,DET,1,0,19:14,2,6,0.333,0,1,0,1,2,0.5,0,0,0,2,1,2,2,2,5,2.2,4,13
Mario Chalmers,23,21,2015-12-11,29,MEM,H,CHO,-24,0,12:31,0,3,0,0,2,0,6,8,0.75,0,3,3,2,2,0,1,5,6,4.4,-4,16.3
Mario Chalmers,24,22,2015-12-13,29,MEM,A,MIA,-3,0,22:00,4,7,0.571,0,1,0,4,5,0.8,0,0,0,2,0,0,2,4,12,6.1,-6,14
Mario Chalmers,25,23,2015-12-14,29,MEM,H,WAS,17,0,18:34,5,6,0.833,1,1,1,1,1,1,0,1,1,1,1,0,1,2,12,10,4,16.8
Mario Chalmers,26,24,2015-12-16,29,MEM,A,CHI,-13,0,26:31,2,5,0.4,0,1,0,4,8,0.5,0,3,3,4,0,1,2,3,8,4.9,2,18.8
Mario Chalmers,27,25,2015-12-18,29,MEM,A,DAL,-9,0,25:09,4,9,0.444,2,4,0.5,2,2,1,0,0,0,2,1,0,2,2,12,6.9,-10,17
Mario Chalmers,28,26,2015-12-19,29,MEM,H,IND,12,0,18:20,3,6,0.5,0,2,0,6,8,0.75,0,3,3,3,0,0,2,4,12,7.6,-5,19.3
Mario Chalmers,29,27,2015-12-22,29,MEM,A,PHI,14,0,22:57,1,7,0.143,0,2,0,0,0,NA,0,2,2,7,4,0,3,1,2,3.6,5,21.5
Mario Chalmers,30,28,2015-12-23,29,MEM,A,WAS,-9,0,4:48,0,1,0,0,0,NA,0,0,NA,0,1,1,0,1,0,0,3,0,-0.6,-8,3.3
Mario Chalmers,31,29,2015-12-26,29,MEM,A,CHO,-6,0,17:12,2,3,0.667,0,1,0,1,2,0.5,0,1,1,4,1,0,2,3,5,4.2,1,12.8
Mario Chalmers,32,30,2015-12-27,29,MEM,H,LAL,16,0,28:51,4,10,0.4,1,3,0.333,2,2,1,1,4,5,7,1,0,2,3,11,10.2,-3,29.3
Mario Chalmers,33,31,2015-12-29,29,MEM,H,MIA,9,0,22:51,4,11,0.364,2,5,0.4,2,2,1,2,3,5,4,1,0,0,4,12,10.4,12,27.3
Mario Chalmers,34,32,2016-01-02,29,MEM,A,UTA,-5,0,12:04,3,5,0.6,2,2,1,0,0,NA,0,0,0,1,0,0,2,3,8,3.2,-13,9.5
Mario Chalmers,35,33,2016-01-04,29,MEM,A,POR,13,0,21:49,3,9,0.333,1,5,0.2,3,5,0.6,0,1,1,6,2,0,1,5,10,7.6,13,24.3
Mario Chalmers,36,34,2016-01-06,29,MEM,A,OKC,-18,0,38:32,8,19,0.421,4,8,0.5,3,6,0.5,1,7,8,9,2,0,1,4,23,20.2,-14,52
Mario Chalmers,37,35,2016-01-08,29,MEM,H,DEN,7,1,40:13,3,13,0.231,2,6,0.333,4,4,1,0,6,6,4,0,0,4,1,12,4.3,-5,24.5
Mario Chalmers,38,36,2016-01-10,29,MEM,H,BOS,3,1,32:35,3,8,0.375,1,4,0.25,11,13,0.846,0,5,5,4,2,0,5,4,18,12.5,-1,32.3
Mario Chalmers,39,37,2016-01-12,29,MEM,H,HOU,-16,1,40:49,3,8,0.375,1,4,0.25,3,4,0.75,0,3,3,9,3,0,3,3,10,11.2,-10,32.3
Mario Chalmers,40,38,2016-01-14,29,MEM,H,DET,2,1,41:48,9,15,0.6,2,6,0.333,5,6,0.833,0,3,3,8,4,0,3,3,25,24,7,48.3
Mario Chalmers,41,39,2016-01-16,29,MEM,H,NYK,8,1,28:49,4,7,0.571,2,2,1,2,2,1,1,1,2,8,0,0,2,3,12,12.1,-8,26.5
Mario Chalmers,42,40,2016-01-18,29,MEM,H,NOP,2,0,20:34,0,1,0,0,0,NA,3,4,0.75,0,1,1,5,0,0,3,3,3,1.5,-17,10.3
Mario Chalmers,43,41,2016-01-21,29,MEM,A,DEN,1,0,21:04,2,7,0.286,1,4,0.25,0,0,NA,0,3,3,6,1,0,1,2,5,5.2,13,19.8
Mario Chalmers,44,42,2016-01-23,29,MEM,A,MIN,-5,0,26:50,6,8,0.75,2,3,0.667,5,6,0.833,0,3,3,5,2,1,2,5,19,18.5,-8,36.3
Mario Chalmers,45,43,2016-01-25,29,MEM,H,ORL,6,0,14:26,0,3,0,0,0,NA,0,0,NA,1,0,1,4,0,0,2,2,0,-1.4,-5,6.3
Mario Chalmers,46,44,2016-01-28,29,MEM,H,MIL,20,0,27:25,1,4,0.25,1,2,0.5,4,4,1,1,3,4,10,0,0,2,4,7,9.6,10,26.5
Mario Chalmers,47,45,2016-01-30,29,MEM,H,SAC,4,0,17:53,2,7,0.286,0,2,0,2,4,0.5,1,1,2,5,2,0,1,2,6,5.8,3,19.5
Mario Chalmers,48,46,2016-02-01,29,MEM,A,NOP,15,0,20:55,3,5,0.6,1,2,0.5,2,2,1,0,3,3,4,2,0,4,2,9,7.6,-9,21.3
Mario Chalmers,49,47,2016-02-05,29,MEM,A,NYK,6,0,16:39,3,6,0.5,0,1,0,2,2,1,0,3,3,0,2,1,0,3,8,7.4,-1,17.8
Mario Chalmers,50,48,2016-02-06,29,MEM,H,DAL,-4,0,18:47,5,7,0.714,0,1,0,2,4,0.5,0,2,2,4,0,0,1,2,12,9.9,-6,20
Mario Chalmers,51,49,2016-02-08,29,MEM,H,POR,-6,0,23:28,5,12,0.417,1,3,0.333,1,2,0.5,1,1,2,3,1,0,2,3,12,6.1,-2,20.5
Mario Chalmers,52,50,2016-02-10,29,MEM,A,BRK,19,0,24:30,5,7,0.714,0,0,NA,0,0,NA,0,6,6,3,1,1,2,1,10,10.3,6,25
Mario Chalmers,53,51,2016-02-19,29,MEM,H,MIN,5,0,26:31,2,6,0.333,1,1,1,5,6,0.833,1,2,3,3,1,0,2,5,10,6.6,-1,19.8
Mario Chalmers,54,52,2016-02-21,29,MEM,A,TOR,-13,0,18:40,5,15,0.333,1,4,0.25,6,7,0.857,2,2,4,0,2,0,1,4,17,9.5,-3,26
Mario Chalmers,55,53,2016-02-24,29,MEM,H,LAL,9,0,18:22,1,3,0.333,0,1,0,2,2,1,0,1,1,6,0,0,1,2,4,5,-7,13.8
Mario Chalmers,56,54,2016-02-26,29,MEM,A,LAL,17,0,15:28,0,3,0,0,1,0,4,6,0.667,0,2,2,4,0,0,2,5,4,0.5,-3,11.5
Mario Chalmers,57,55,2016-02-27,29,MEM,A,PHO,-5,0,20:30,2,7,0.286,0,2,0,11,12,0.917,0,1,1,1,3,1,2,1,15,12.8,-3,24.8
Mario Chalmers,58,56,2016-02-29,29,MEM,A,DEN,7,0,23:24,3,6,0.5,1,2,0.5,8,8,1,0,2,2,3,2,0,0,4,15,15.1,7,26.5
Mario Chalmers,59,57,2016-03-02,29,MEM,H,SAC,6,0,26:47,4,9,0.444,1,2,0.5,6,6,1,0,0,0,4,3,0,1,3,15,13.9,6,27
Mario Chalmers,60,58,2016-03-04,29,MEM,H,UTA,6,0,30:23,4,8,0.5,1,2,0.5,2,3,0.667,2,4,6,5,5,2,3,3,11,14.9,32,39
Mario Chalmers,61,59,2016-03-06,29,MEM,H,PHO,-9,0,28:32,4,13,0.308,1,4,0.25,5,5,1,1,0,1,3,2,0,1,3,14,9.1,1,23.8
Mario Chalmers,62,60,2016-03-07,29,MEM,A,CLE,3,1,40:36,7,17,0.412,1,6,0.167,2,3,0.667,0,4,4,7,4,0,3,4,17,13,5,39.5
Mario Chalmers,63,61,2016-03-09,29,MEM,A,BOS,-20,1,21:49,1,7,0.143,1,3,0.333,8,8,1,1,4,5,5,1,1,2,2,11,10.8,2,28.3
Courtney Lee,1,1,2015-10-28,30,MEM,H,CLE,-30,1,31:16,2,9,0.222,1,4,0.25,2,2,1,0,2,2,2,2,1,0,0,7,6.2,-12,19
Courtney Lee,2,2,2015-10-29,30,MEM,A,IND,9,1,29:14,4,9,0.444,0,4,0,2,2,1,1,1,2,1,1,0,1,1,10,6.6,9,15.5
Courtney Lee,3,3,2015-10-31,30,MEM,H,BRK,10,1,33:38,4,9,0.444,1,3,0.333,6,6,1,1,0,1,1,2,0,1,0,15,12.7,5,21.8
Courtney Lee,4,4,2015-11-02,30,MEM,A,GSW,-50,1,24:37,2,11,0.182,0,5,0,2,3,0.667,1,2,3,0,1,0,0,3,6,-0.2,-44,11.8
Courtney Lee,5,5,2015-11-03,30,MEM,A,SAC,14,1,30:33,6,12,0.5,0,2,0,2,2,1,1,4,5,1,1,0,2,4,14,8,8,22.8
Courtney Lee,6,6,2015-11-05,30,MEM,A,POR,-19,1,30:06,6,10,0.6,3,6,0.5,3,4,0.75,1,1,2,0,1,0,0,0,18,15,-13,24
Courtney Lee,7,7,2015-11-07,30,MEM,A,UTA,-10,1,26:44,2,10,0.2,1,3,0.333,1,1,1,1,4,5,2,0,0,0,2,6,2.3,-15,15.8
Courtney Lee,8,8,2015-11-09,30,MEM,A,LAC,-2,1,29:30,2,6,0.333,0,1,0,2,2,1,0,2,2,5,3,0,1,5,6,6.7,11,21.5
Courtney Lee,9,9,2015-11-11,30,MEM,H,GSW,-16,1,31:44,1,7,0.143,0,3,0,1,1,1,1,5,6,1,3,2,2,1,3,3.4,-5,21
Courtney Lee,10,10,2015-11-13,30,MEM,H,POR,1,1,25:53,2,8,0.25,1,6,0.167,2,2,1,0,2,2,1,0,0,0,0,7,3.5,5,11.5
Courtney Lee,11,11,2015-11-15,30,MEM,A,MIN,8,0,28:12,3,7,0.429,1,1,1,0,0,NA,0,6,6,0,1,1,0,2,7,6,13,19
Courtney Lee,12,12,2015-11-16,30,MEM,H,OKC,8,0,17:16,2,3,0.667,0,0,NA,2,2,1,0,1,1,2,1,0,1,1,6,6,14,11.8
Courtney Lee,13,13,2015-11-20,30,MEM,H,HOU,12,0,31:59,3,7,0.429,0,3,0,0,0,NA,0,4,4,1,1,1,2,3,6,2.7,16,15.5
Courtney Lee,14,14,2015-11-21,30,MEM,A,SAS,-10,0,34:30,5,10,0.5,1,2,0.5,4,4,1,1,0,1,0,2,0,3,2,15,8.9,-10,19.3
Courtney Lee,15,15,2015-11-24,30,MEM,H,DAL,14,0,17:55,0,5,0,0,1,0,0,0,NA,0,2,2,0,0,0,0,1,0,-3.3,-2,2.5
Courtney Lee,16,16,2015-11-25,30,MEM,A,HOU,9,0,26:43,8,14,0.571,0,3,0,1,2,0.5,0,1,1,2,2,0,0,3,17,12.5,1,25.3
Courtney Lee,17,17,2015-11-27,30,MEM,H,ATL,-15,0,25:31,6,10,0.6,2,3,0.667,0,0,NA,1,3,4,1,0,0,0,0,14,11.7,-7,21.5
Courtney Lee,18,18,2015-11-29,30,MEM,H,PHI,8,0,16:33,1,2,0.5,0,0,NA,1,1,1,0,1,1,1,1,0,4,0,3,0,-3,5.8
Courtney Lee,19,19,2015-12-01,30,MEM,A,NOP,9,0,33:39,6,12,0.5,0,0,NA,1,1,1,2,2,4,1,1,0,1,3,13,8.5,15,21
Courtney Lee,20,20,2015-12-03,30,MEM,H,SAS,-20,0,31:18,3,9,0.333,0,2,0,0,0,NA,0,1,1,2,0,0,1,0,6,1.6,-15,9.8
Courtney Lee,21,21,2015-12-06,30,MEM,H,PHO,2,0,28:29,7,12,0.583,2,2,1,2,2,1,0,4,4,6,0,1,2,0,18,16.5,5,34
Courtney Lee,22,22,2015-12-08,30,MEM,H,OKC,-37,0,29:49,4,13,0.308,1,4,0.25,0,0,NA,0,2,2,0,1,1,2,1,9,1.4,-21,15
Courtney Lee,23,23,2015-12-09,30,MEM,A,DET,1,0,29:04,6,9,0.667,1,2,0.5,1,1,1,1,1,2,1,0,0,1,2,14,10,-4,18
Courtney Lee,24,24,2015-12-11,30,MEM,H,CHO,-24,0,25:44,4,9,0.444,2,4,0.5,2,2,1,0,2,2,1,0,0,0,1,12,8.2,-15,17
Courtney Lee,25,25,2015-12-13,30,MEM,A,MIA,-3,1,38:27,4,8,0.5,1,2,0.5,0,0,NA,0,1,1,2,4,0,0,4,9,9.1,7,21.8
Courtney Lee,26,26,2015-12-14,30,MEM,H,WAS,17,1,38:37,6,11,0.545,3,4,0.75,0,0,NA,0,3,3,0,0,0,0,3,15,9.4,17,20.3
Courtney Lee,27,27,2015-12-16,30,MEM,A,CHI,-13,1,36:40,8,11,0.727,2,2,1,0,0,NA,0,7,7,6,2,0,1,2,18,20,-11,40.3
Courtney Lee,28,28,2015-12-18,30,MEM,A,DAL,-9,1,28:47,2,8,0.25,1,3,0.333,3,3,1,0,0,0,2,1,0,2,1,8,3.2,-4,12.5
Courtney Lee,29,29,2015-12-19,30,MEM,H,IND,12,1,30:29,1,6,0.167,0,3,0,0,0,NA,0,4,4,0,0,1,3,1,2,-3.3,11,7.5
Courtney Lee,30,30,2015-12-22,30,MEM,A,PHI,14,1,34:08,6,12,0.5,0,0,NA,3,3,1,0,1,1,2,2,0,1,1,15,11.3,28,22.8
Courtney Lee,31,31,2015-12-23,30,MEM,A,WAS,-9,1,26:31,3,6,0.5,1,2,0.5,1,2,0.5,0,1,1,1,2,0,0,1,8,7.2,-10,15.3
Courtney Lee,32,32,2015-12-26,30,MEM,A,CHO,-6,1,27:13,2,5,0.4,1,3,0.333,0,1,0,0,2,2,1,0,1,0,2,5,3.1,-16,13.5
Courtney Lee,33,33,2015-12-27,30,MEM,H,LAL,16,1,24:00,5,7,0.714,1,2,0.5,2,2,1,1,1,2,3,1,0,0,1,13,13.8,14,22.5
Courtney Lee,34,34,2015-12-29,30,MEM,H,MIA,9,1,26:44,3,5,0.6,1,2,0.5,2,3,0.667,1,3,4,1,0,0,0,0,9,8.6,2,16
Courtney Lee,35,35,2016-01-02,30,MEM,A,UTA,-5,1,41:20,5,9,0.556,2,3,0.667,5,6,0.833,0,2,2,2,3,0,1,3,17,15.1,-15,29
Courtney Lee,36,36,2016-01-04,30,MEM,A,POR,13,1,36:40,6,9,0.667,0,1,0,4,4,1,1,2,3,3,2,0,0,1,16,17.1,20,28.3
Courtney Lee,37,37,2016-01-06,30,MEM,A,OKC,-18,1,21:28,0,6,0,0,3,0,0,0,NA,0,2,2,0,0,1,1,1,0,-4.3,-15,4
Courtney Lee,40,38,2016-01-12,30,MEM,H,HOU,-16,1,37:27,6,12,0.5,3,5,0.6,1,3,0.333,2,1,3,1,1,0,3,2,16,8.8,1,23.3
Courtney Lee,41,39,2016-01-14,30,MEM,H,DET,2,1,28:49,1,7,0.143,0,2,0,6,7,0.857,0,2,2,2,0,0,2,2,8,2.3,0,12.5
Courtney Lee,42,40,2016-01-16,30,MEM,H,NYK,8,1,25:40,2,3,0.667,1,2,0.5,1,1,1,0,0,0,2,1,1,1,1,6,6.4,3,13
Courtney Lee,43,41,2016-01-18,30,MEM,H,NOP,2,1,32:30,6,11,0.545,2,4,0.5,2,3,0.667,0,4,4,1,1,0,0,2,16,12.4,7,25.5
Courtney Lee,44,42,2016-01-21,30,MEM,A,DEN,1,1,35:13,4,6,0.667,0,2,0,2,2,1,0,4,4,0,1,0,1,2,10,7.8,11,16.5
Courtney Lee,45,43,2016-01-23,30,MEM,A,MIN,-5,1,24:17,3,5,0.6,2,2,1,0,0,NA,1,2,3,0,1,0,0,1,8,7.6,-4,14.8
Courtney Lee,46,44,2016-01-25,30,MEM,H,ORL,6,1,34:14,6,12,0.5,3,6,0.5,1,2,0.5,0,0,0,2,0,1,1,1,16,10.3,16,22
Courtney Lee,47,45,2016-01-28,30,MEM,H,MIL,20,1,24:19,5,10,0.5,2,5,0.4,1,1,1,0,0,0,1,0,1,0,2,13,8.6,11,17.5
Courtney Lee,48,46,2016-01-30,30,MEM,H,SAC,4,1,33:43,5,5,1,3,3,1,5,6,0.833,0,1,1,1,2,0,2,1,18,16.7,12,25.3
Courtney Lee,49,47,2016-02-01,30,MEM,A,NOP,15,1,27:35,3,6,0.5,1,3,0.333,0,0,NA,1,0,1,0,0,2,1,1,7,4.7,4,12.3
Courtney Lee,50,48,2016-02-05,30,MEM,A,NYK,6,1,22:21,1,6,0.167,1,3,0.333,0,0,NA,0,0,0,2,0,0,0,1,3,0.2,-3,6.5
Courtney Lee,51,49,2016-02-06,30,MEM,H,DAL,-4,1,28:30,4,6,0.667,2,3,0.667,0,1,0,0,1,1,4,1,1,0,3,10,10.6,7,22.3
Courtney Lee,52,50,2016-02-08,30,MEM,H,POR,-6,1,24:40,1,4,0.25,1,2,0.5,0,0,NA,0,2,2,1,0,0,4,1,3,-2.5,-3,5.5
Courtney Lee,53,51,2016-02-10,30,MEM,A,BRK,19,1,28:58,5,10,0.5,0,2,0,0,2,0,0,0,0,4,3,0,1,3,10,7.8,19,21.5
Jordan Adams,1,1,2015-10-28,21,MEM,H,CLE,-30,0,7:04,1,4,0.25,0,1,0,1,2,0.5,0,0,0,0,2,0,1,0,3,1.2,0,6.5
Jordan Adams,4,2,2015-11-02,21,MEM,A,GSW,-50,0,7:36,1,2,0.5,0,0,NA,2,3,0.667,0,2,2,3,1,0,1,2,4,4.5,4,12.5
Beno Udrih,1,1,2015-10-28,33,MEM,H,CLE,-30,0,14:44,2,5,0.4,0,1,0,1,1,1,0,0,0,2,0,0,4,1,5,-0.7,-12,6
Beno Udrih,2,2,2015-10-29,33,MEM,A,IND,9,0,17:48,5,6,0.833,1,2,0.5,2,2,1,0,2,2,6,1,0,1,1,13,15.2,6,26.5
Beno Udrih,3,3,2015-10-31,33,MEM,H,BRK,10,0,15:18,3,8,0.375,2,3,0.667,0,0,NA,0,2,2,3,0,1,0,0,8,7,4,18
Beno Udrih,4,4,2015-11-02,33,MEM,A,GSW,-50,0,15:07,0,5,0,0,1,0,0,0,NA,0,2,2,5,1,0,0,1,0,1.2,1,12
Beno Udrih,5,5,2015-11-03,33,MEM,A,SAC,14,0,21:12,3,7,0.429,0,2,0,0,0,NA,0,0,0,3,1,0,3,5,6,0.4,-1,11
Beno Udrih,6,6,2015-11-05,33,MEM,A,POR,-19,0,15:51,4,5,0.8,1,1,1,0,0,NA,0,0,0,6,0,0,0,2,9,10.5,0,18.5
Beno Udrih,7,7,2015-11-07,33,MEM,A,UTA,-10,0,7:37,2,3,0.667,0,0,NA,0,0,NA,0,0,0,0,0,0,1,0,4,1.7,-8,3.5
Beno Udrih,8,8,2015-11-09,33,MEM,A,LAC,-2,0,12:44,1,7,0.143,0,1,0,0,0,NA,2,1,3,1,0,0,2,1,2,-2.5,-8,6.3
Mike Conley,1,1,2015-10-28,28,MEM,H,CLE,-30,1,29:26,2,8,0.25,0,2,0,4,4,1,0,4,4,6,0,0,1,1,8,7.2,-18,21.5
Mike Conley,2,2,2015-10-29,28,MEM,A,IND,9,1,30:16,5,11,0.455,1,1,1,2,2,1,2,2,4,10,2,0,4,4,13,12.7,3,37
Mike Conley,3,3,2015-10-31,28,MEM,H,BRK,10,1,32:26,7,12,0.583,4,7,0.571,4,4,1,0,2,2,8,1,0,1,0,22,22.6,6,40
Mike Conley,4,4,2015-11-02,28,MEM,A,GSW,-50,1,26:27,2,8,0.25,0,2,0,6,7,0.857,0,2,2,5,1,0,0,1,10,9.5,-41,22
Mike Conley,5,5,2015-11-03,28,MEM,A,SAC,14,1,25:12,5,9,0.556,1,4,0.25,3,3,1,1,2,3,6,1,0,1,2,14,14.4,9,28.8
Mike Conley,6,6,2015-11-05,28,MEM,A,POR,-19,1,31:10,2,8,0.25,0,2,0,3,4,0.75,0,2,2,3,0,0,2,0,7,2.5,-19,13
Mike Conley,7,7,2015-11-07,28,MEM,A,UTA,-10,1,39:38,8,25,0.32,3,10,0.3,1,1,1,0,4,4,5,1,0,4,4,20,5.8,-2,34
Mike Conley,8,8,2015-11-09,28,MEM,A,LAC,-2,1,35:02,6,15,0.4,1,5,0.2,3,4,0.75,3,3,6,5,1,0,2,0,16,13,8,32.5
Mike Conley,9,9,2015-11-11,28,MEM,H,GSW,-16,1,33:07,1,12,0.083,0,4,0,2,2,1,0,2,2,9,3,0,4,5,4,-0.1,-3,24
Mike Conley,10,10,2015-11-13,28,MEM,H,POR,1,1,33:20,4,13,0.308,1,4,0.25,2,3,0.667,1,0,1,9,0,0,1,2,11,8.3,0,25.8
Mike Conley,11,11,2015-11-15,28,MEM,A,MIN,8,1,32:49,7,14,0.5,4,6,0.667,2,4,0.5,0,0,0,7,2,0,1,0,20,18.1,5,36
Mike Conley,12,12,2015-11-16,28,MEM,H,OKC,8,1,31:23,8,13,0.615,4,5,0.8,2,3,0.667,1,3,4,9,2,0,0,1,22,25.2,-4,46.5
Mike Conley,13,13,2015-11-20,28,MEM,H,HOU,12,1,33:56,10,17,0.588,3,6,0.5,3,4,0.75,0,3,3,5,3,0,2,5,26,21.1,9,43.8
Mike Conley,14,14,2015-11-21,28,MEM,A,SAS,-10,1,32:01,5,12,0.417,0,1,0,6,6,1,0,3,3,5,2,1,1,2,16,14.9,-6,32.8
Mike Conley,15,15,2015-11-24,28,MEM,H,DAL,14,1,29:59,8,17,0.471,1,4,0.25,4,4,1,2,1,3,6,1,0,0,3,21,18,14,36.3
Mike Conley,16,16,2015-11-25,28,MEM,A,HOU,9,1,33:17,7,9,0.778,1,2,0.5,4,4,1,0,1,1,5,0,0,2,2,19,16.5,1,27.3
Mike Conley,17,17,2015-11-27,28,MEM,H,ATL,-15,1,38:06,4,13,0.308,2,6,0.333,6,6,1,0,1,1,9,0,0,3,1,16,11.7,-17,30.3
Mike Conley,18,18,2015-11-29,28,MEM,H,PHI,8,1,36:49,6,14,0.429,1,2,0.5,7,8,0.875,0,4,4,5,1,2,5,2,20,13.5,9,36.5
Mike Conley,19,19,2015-12-01,28,MEM,A,NOP,9,1,24:23,5,10,0.5,1,3,0.333,0,0,NA,0,2,2,3,0,0,2,0,11,6.7,-13,17.5
Mike Conley,20,20,2015-12-03,28,MEM,H,SAS,-20,1,28:15,5,13,0.385,0,2,0,5,5,1,1,4,5,4,0,2,1,1,15,12.6,-8,30.8
Mike Conley,21,21,2015-12-06,28,MEM,H,PHO,2,1,34:28,4,14,0.286,2,5,0.4,2,4,0.5,0,1,1,6,3,1,1,3,12,9,2,30.8
Mike Conley,22,22,2015-12-08,28,MEM,H,OKC,-37,1,21:48,0,7,0,0,3,0,0,0,NA,0,0,0,6,1,0,1,1,0,-1.1,-22,10.5
Mike Conley,23,23,2015-12-09,28,MEM,A,DET,1,1,29:11,4,13,0.308,1,6,0.167,2,3,0.667,1,0,1,8,0,0,2,1,11,7,-5,23.8
Mike Conley,24,24,2015-12-11,28,MEM,H,CHO,-24,1,30:26,4,8,0.5,2,4,0.5,6,7,0.857,1,2,3,4,0,2,0,2,16,16.3,-16,30.8
Mike Conley,25,25,2015-12-13,28,MEM,A,MIA,-3,1,26:00,4,11,0.364,1,3,0.333,0,0,NA,0,1,1,4,4,1,2,4,9,7.1,3,25.8
Mike Conley,26,26,2015-12-14,28,MEM,H,WAS,17,1,37:25,7,14,0.5,2,4,0.5,2,2,1,1,3,4,11,2,0,2,1,18,19.9,16,45
Mike Conley,27,27,2015-12-16,28,MEM,A,CHI,-13,1,34:08,3,14,0.214,1,8,0.125,1,2,0.5,1,6,7,2,1,1,1,2,8,2.8,-7,23.8
Mike Conley,28,28,2015-12-18,28,MEM,A,DAL,-9,1,34:56,6,12,0.5,1,2,0.5,7,7,1,1,3,4,2,1,0,2,2,20,15.2,-9,29.5
Mike Conley,29,29,2015-12-19,28,MEM,H,IND,12,1,33:16,6,16,0.375,1,3,0.333,7,8,0.875,0,4,4,8,4,0,1,1,20,20.2,18,45
Mike Conley,30,30,2015-12-22,28,MEM,A,PHI,14,1,32:17,6,13,0.462,1,3,0.333,5,6,0.833,0,1,1,6,1,0,2,2,18,13.6,5,29.8
Mike Conley,31,31,2015-12-23,28,MEM,A,WAS,-9,1,39:51,9,16,0.563,2,3,0.667,1,1,1,0,3,3,3,1,0,0,0,21,17.4,-2,32.3
Mike Conley,32,32,2015-12-26,28,MEM,A,CHO,-6,1,30:53,7,20,0.35,4,9,0.444,1,2,0.5,0,4,4,7,3,1,3,2,19,13.4,-7,43
Mike Conley,33,33,2015-12-27,28,MEM,H,LAL,16,1,24:18,7,11,0.636,1,3,0.333,4,4,1,0,4,4,5,4,0,0,0,19,22.8,26,40
Mike Conley,34,34,2015-12-29,28,MEM,H,MIA,9,1,38:23,5,12,0.417,1,2,0.5,5,5,1,0,3,3,5,0,0,1,1,16,12.6,11,27.3
Mike Conley,35,35,2016-01-02,28,MEM,A,UTA,-5,1,40:56,5,16,0.313,2,6,0.333,3,6,0.5,1,3,4,4,1,1,1,1,15,9.3,8,30.5
Mike Conley,36,36,2016-01-04,28,MEM,A,POR,13,1,26:15,3,13,0.231,1,4,0.25,2,3,0.667,0,2,2,4,0,0,0,0,9,4.1,0,18
Mike Conley,43,37,2016-01-18,28,MEM,H,NOP,2,1,27:08,6,12,0.5,3,5,0.6,0,0,NA,0,1,1,10,0,0,0,4,15,14.7,19,34.3
Mike Conley,44,38,2016-01-21,28,MEM,A,DEN,1,1,26:56,5,9,0.556,2,3,0.667,8,10,0.8,1,2,3,2,1,0,0,3,20,17.4,-12,29.8
Mike Conley,45,39,2016-01-23,28,MEM,A,MIN,-5,1,24:01,2,9,0.222,0,2,0,5,5,1,1,6,7,6,1,0,1,4,9,8.6,1,28.3
Mike Conley,46,40,2016-01-25,28,MEM,H,ORL,6,1,38:34,4,13,0.308,1,3,0.333,3,4,0.75,1,5,6,9,2,1,1,1,12,13.9,11,39
Mike Conley,47,41,2016-01-28,28,MEM,H,MIL,20,1,23:48,1,8,0.125,0,5,0,3,3,1,0,1,1,9,1,0,1,1,5,6,17,21.3
Mike Conley,48,42,2016-01-30,28,MEM,H,SAC,4,1,30:07,3,6,0.5,0,0,NA,2,4,0.5,0,4,4,7,1,0,2,3,8,8.1,1,24.5
Mike Conley,49,43,2016-02-01,28,MEM,A,NOP,15,1,28:29,5,7,0.714,1,2,0.5,6,6,1,0,4,4,10,1,1,1,1,17,22.6,23,42.5
Mike Conley,50,44,2016-02-05,28,MEM,A,NYK,6,1,31:21,2,9,0.222,0,3,0,4,4,1,0,2,2,9,1,0,1,1,8,9,7,25.5
Mike Conley,51,45,2016-02-06,28,MEM,H,DAL,-4,1,34:13,6,12,0.5,2,5,0.4,2,4,0.5,0,4,4,7,0,0,2,3,16,12.1,2,31.5
Mike Conley,52,46,2016-02-08,28,MEM,H,POR,-6,1,33:22,10,17,0.588,2,3,0.667,5,6,0.833,0,3,3,3,1,0,4,5,27,16.7,-8,36.3
Mike Conley,53,47,2016-02-10,28,MEM,A,BRK,19,1,29:00,7,13,0.538,3,4,0.75,3,3,1,1,3,4,5,1,0,1,0,20,18.8,17,35.5
Mike Conley,54,48,2016-02-19,28,MEM,H,MIN,5,1,38:22,10,19,0.526,2,4,0.5,3,4,0.75,1,3,4,7,2,0,3,3,25,19.6,6,44
Mike Conley,55,49,2016-02-21,28,MEM,A,TOR,-13,1,34:55,2,12,0.167,0,4,0,4,5,0.8,1,4,5,4,0,0,1,0,8,3.7,-17,19.8
Mike Conley,56,50,2016-02-24,28,MEM,H,LAL,9,1,29:24,10,14,0.714,2,4,0.5,2,2,1,1,5,6,8,1,0,2,1,24,24.6,14,45.5
Mike Conley,57,51,2016-02-26,28,MEM,A,LAL,17,1,28:40,6,10,0.6,2,5,0.4,3,3,1,0,1,1,7,1,0,1,2,17,16.8,29,31.3
Mike Conley,58,52,2016-02-27,28,MEM,A,PHO,-5,1,30:19,6,16,0.375,1,3,0.333,6,7,0.857,1,0,1,8,1,0,2,3,19,13.9,-1,33.8
Mike Conley,59,53,2016-02-29,28,MEM,A,DEN,7,1,28:37,2,9,0.222,0,4,0,3,5,0.6,1,0,1,9,0,1,2,0,7,6.4,3,22.8
Mike Conley,60,54,2016-03-02,28,MEM,H,SAC,6,1,33:34,9,12,0.75,3,3,1,3,4,0.75,0,2,2,5,3,1,1,1,24,25.2,11,43
Mike Conley,61,55,2016-03-04,28,MEM,H,UTA,6,1,28:17,4,13,0.308,0,2,0,4,6,0.667,0,2,2,4,0,0,1,3,12,4.9,-7,20
Mike Conley,62,56,2016-03-06,28,MEM,H,PHO,-9,1,29:49,7,13,0.538,3,5,0.6,5,6,0.833,0,1,1,4,2,0,1,2,22,18.6,-6,34.3
Jeff Green,1,1,2015-10-28,29,MEM,H,CLE,-30,1,20:04,3,9,0.333,1,3,0.333,1,2,0.5,0,1,1,2,0,0,0,5,8,2.2,-21,12.8
Jeff Green,2,2,2015-10-29,29,MEM,A,IND,9,0,29:08,5,6,0.833,2,2,1,0,0,NA,0,3,3,3,1,1,3,5,12,9.5,14,23.8
Jeff Green,3,3,2015-10-31,29,MEM,H,BRK,10,0,27:00,2,5,0.4,1,3,0.333,8,10,0.8,0,4,4,5,0,0,0,3,13,13,11,26
Jeff Green,4,4,2015-11-02,29,MEM,A,GSW,-50,0,19:36,1,8,0.125,0,1,0,0,0,NA,1,2,3,1,0,0,3,1,2,-4.6,-17,5.8
Jeff Green,5,5,2015-11-03,29,MEM,A,SAC,14,0,21:58,2,8,0.25,1,4,0.25,0,0,NA,1,3,4,2,0,0,1,2,5,1.4,6,13
Jeff Green,6,6,2015-11-05,29,MEM,A,POR,-19,0,19:45,3,8,0.375,0,3,0,0,0,NA,0,2,2,0,1,0,1,1,6,1.8,-14,10
Jeff Green,7,7,2015-11-07,29,MEM,A,UTA,-10,0,28:43,4,10,0.4,0,2,0,0,0,NA,1,3,4,0,1,0,1,1,8,3.8,-4,14.5
Jeff Green,8,8,2015-11-09,29,MEM,A,LAC,-2,0,17:21,2,7,0.286,0,1,0,1,2,0.5,0,3,3,0,0,1,2,3,5,-1.1,-15,9.8
Jeff Green,9,9,2015-11-11,29,MEM,H,GSW,-16,0,17:21,0,2,0,0,1,0,0,0,NA,0,2,2,0,0,0,2,1,0,-3.2,-5,1.5
Jeff Green,10,10,2015-11-13,29,MEM,H,POR,1,0,29:58,4,10,0.4,0,0,NA,6,6,1,3,2,5,2,2,0,0,3,14,13.5,4,27.3
Jeff Green,11,11,2015-11-15,29,MEM,A,MIN,8,1,35:07,7,12,0.583,1,3,0.333,6,6,1,1,3,4,3,0,0,2,2,21,16.3,2,30
Jeff Green,12,12,2015-11-16,29,MEM,H,OKC,8,1,34:09,5,13,0.385,2,2,1,8,8,1,1,4,5,1,2,1,2,2,20,15.4,-1,33.8
Jeff Green,13,13,2015-11-20,29,MEM,H,HOU,12,1,28:31,2,9,0.222,1,4,0.25,2,2,1,1,5,6,1,2,1,0,2,7,6.3,-1,22.5
Jeff Green,14,14,2015-11-21,29,MEM,A,SAS,-10,1,28:28,3,7,0.429,0,0,NA,0,0,NA,0,7,7,1,1,0,1,2,6,4.3,-16,17.8
Jeff Green,15,15,2015-11-24,29,MEM,H,DAL,14,1,34:46,8,14,0.571,1,1,1,2,2,1,1,6,7,3,0,2,1,3,19,16.2,14,36.3
Jeff Green,16,16,2015-11-25,29,MEM,A,HOU,9,1,32:03,5,10,0.5,0,1,0,10,10,1,2,5,7,1,1,0,0,0,20,19.6,3,32.3
Jeff Green,17,17,2015-11-27,29,MEM,H,ATL,-15,1,31:04,4,7,0.571,1,1,1,2,2,1,0,7,7,1,0,0,1,5,11,7.5,-11,21.3
Jeff Green,18,18,2015-11-29,29,MEM,H,PHI,8,1,28:25,4,10,0.4,1,4,0.25,4,4,1,2,0,2,2,1,0,3,0,13,8.4,7,19.5
Jeff Green,19,19,2015-12-01,29,MEM,A,NOP,9,1,31:01,3,11,0.273,0,2,0,0,0,NA,0,4,4,1,1,0,0,3,6,1.2,-8,14.5
Jeff Green,20,20,2015-12-03,29,MEM,H,SAS,-20,1,26:45,4,11,0.364,1,2,0.5,1,2,0.5,0,2,2,2,0,0,0,0,10,5.5,-11,16
Jeff Green,21,21,2015-12-06,29,MEM,H,PHO,2,1,25:51,5,11,0.455,0,2,0,0,1,0,3,2,5,2,0,0,2,1,10,5.6,-10,18.3
Jeff Green,22,22,2015-12-08,29,MEM,H,OKC,-37,1,29:50,4,10,0.4,0,1,0,1,1,1,2,1,3,1,1,0,1,0,9,6,-27,15.8
Jeff Green,23,23,2015-12-09,29,MEM,A,DET,1,1,24:51,4,7,0.571,0,1,0,0,0,NA,0,2,2,2,1,0,2,1,8,5.3,-6,14.5
Jeff Green,24,24,2015-12-11,29,MEM,H,CHO,-24,1,25:42,2,8,0.25,0,1,0,2,4,0.5,0,3,3,1,0,0,2,1,6,-0.4,-15,10.3
Jeff Green,25,25,2015-12-13,29,MEM,A,MIA,-3,1,44:40,10,20,0.5,2,6,0.333,4,4,1,0,2,2,3,0,1,4,3,26,14.2,-3,34
Jeff Green,26,26,2015-12-14,29,MEM,H,WAS,17,1,39:56,6,12,0.5,0,1,0,3,4,0.75,2,4,6,4,1,1,3,3,15,11.5,12,31
Jeff Green,27,27,2015-12-16,29,MEM,A,CHI,-13,1,33:25,4,12,0.333,1,3,0.333,2,4,0.5,0,1,1,2,1,1,0,1,11,6.4,-8,19.8
Jeff Green,28,28,2015-12-18,29,MEM,A,DAL,-9,1,34:37,0,7,0,0,1,0,2,2,1,0,7,7,3,0,0,0,3,2,0.1,-8,15.3
Jeff Green,29,29,2015-12-19,29,MEM,H,IND,12,1,34:02,5,11,0.455,0,2,0,1,1,1,1,5,6,0,0,1,0,3,11,7,10,20.5
Jeff Green,30,30,2015-12-22,29,MEM,A,PHI,14,1,18:56,3,3,1,0,0,NA,2,2,1,2,1,3,0,1,0,0,1,8,9.4,-4,13.8
Jeff Green,31,31,2015-12-23,29,MEM,A,WAS,-9,1,37:44,8,14,0.571,0,4,0,3,5,0.6,2,10,12,4,3,1,1,2,19,20.7,0,49
Jeff Green,32,32,2015-12-26,29,MEM,A,CHO,-6,1,23:49,3,5,0.6,1,1,1,1,2,0.5,2,2,4,3,2,0,3,1,8,8,-5,20.5
Jeff Green,33,33,2015-12-27,29,MEM,H,LAL,16,1,24:31,6,10,0.6,1,3,0.333,4,6,0.667,3,1,4,4,0,1,1,2,17,15.7,18,30
Jeff Green,34,34,2015-12-29,29,MEM,H,MIA,9,1,37:43,8,17,0.471,0,3,0,0,0,NA,3,4,7,4,0,0,1,0,16,12.4,17,30.3
Jeff Green,35,35,2016-01-02,29,MEM,A,UTA,-5,1,43:52,3,10,0.3,0,5,0,0,2,0,1,9,10,0,0,0,2,5,6,-1.2,3,17.5
Jeff Green,36,36,2016-01-04,29,MEM,A,POR,13,1,29:06,3,12,0.25,0,2,0,0,2,0,1,5,6,1,0,2,1,3,6,0.1,7,18.5
Jeff Green,37,37,2016-01-06,29,MEM,A,OKC,-18,1,25:06,3,12,0.25,2,3,0.667,2,2,1,0,5,5,4,1,0,1,1,10,6.7,-6,24.8
Jeff Green,38,38,2016-01-08,29,MEM,H,DEN,7,1,35:21,4,13,0.308,3,6,0.5,5,8,0.625,2,7,9,2,1,0,1,5,16,10.2,4,33.3
Jeff Green,39,39,2016-01-10,29,MEM,H,BOS,3,1,31:20,2,11,0.182,0,1,0,0,0,NA,2,2,4,3,2,0,3,1,4,-0.2,-4,16
Jeff Green,40,40,2016-01-12,29,MEM,H,HOU,-16,1,14:46,0,2,0,0,0,NA,3,4,0.75,0,0,0,2,0,0,1,2,3,0.8,-10,5.5
Jeff Green,41,41,2016-01-14,29,MEM,H,DET,2,0,26:46,6,10,0.6,1,2,0.5,3,3,1,2,2,4,1,0,0,2,1,16,11.7,3,22
Jeff Green,42,42,2016-01-16,29,MEM,H,NYK,8,0,30:12,7,14,0.5,1,4,0.25,3,4,0.75,0,2,2,3,0,0,0,1,18,12.9,6,25.5
Jeff Green,43,43,2016-01-18,29,MEM,H,NOP,2,0,26:48,5,12,0.417,1,3,0.333,5,6,0.833,2,4,6,2,2,1,1,1,16,14.5,2,32.5
Jeff Green,44,44,2016-01-21,29,MEM,A,DEN,1,0,21:23,3,9,0.333,1,2,0.5,2,3,0.667,0,4,4,1,0,0,3,3,9,1.2,7,14.5
Jeff Green,45,45,2016-01-23,29,MEM,A,MIN,-5,0,26:52,5,13,0.385,0,2,0,1,1,1,2,0,2,3,2,0,4,0,11,5.4,3,20
Jeff Green,46,46,2016-01-25,29,MEM,H,ORL,6,0,31:10,11,18,0.611,2,6,0.333,6,8,0.75,2,6,8,1,2,1,2,1,30,25.2,4,47.5
Jeff Green,47,47,2016-01-28,29,MEM,H,MIL,20,0,31:45,9,15,0.6,3,6,0.5,0,0,NA,1,4,5,1,0,0,2,3,21,13.5,11,29.3
Jeff Green,48,48,2016-01-30,29,MEM,H,SAC,4,0,27:21,11,16,0.688,3,5,0.6,4,4,1,0,2,2,1,3,0,1,2,29,24.7,-3,40
Jeff Green,49,49,2016-02-01,29,MEM,A,NOP,15,0,33:39,8,13,0.615,3,4,0.75,5,5,1,0,7,7,1,1,0,0,2,24,21.1,16,37.8
Jeff Green,50,50,2016-02-05,29,MEM,A,NYK,6,0,29:16,5,11,0.455,0,1,0,6,6,1,1,4,5,2,1,0,0,2,16,13.8,7,27.3
Jeff Green,51,51,2016-02-06,29,MEM,H,DAL,-4,0,34:46,4,14,0.286,0,4,0,1,2,0.5,1,4,5,3,0,1,0,1,9,4.7,4,21.8
Jeff Green,52,52,2016-02-08,29,MEM,H,POR,-6,0,38:36,5,14,0.357,1,4,0.25,1,2,0.5,2,4,6,1,0,2,2,1,12,6.1,-6,24.5
Jeff Green,53,53,2016-02-10,29,MEM,A,BRK,19,0,29:01,7,14,0.5,3,7,0.429,1,1,1,2,2,4,2,2,0,0,1,18,16,10,31.5
Russ Smith,1,1,2015-10-28,24,MEM,H,CLE,-30,0,5:59,1,4,0.25,0,0,NA,1,1,1,0,2,2,0,1,0,1,1,3,0.8,-1,7
Russ Smith,4,2,2015-11-02,24,MEM,A,GSW,-50,0,6:26,2,5,0.4,1,2,0.5,0,2,0,1,0,1,0,0,0,1,1,5,0.8,-10,6.3
Russ Smith,5,3,2015-11-03,24,MEM,A,SAC,14,0,2:57,0,1,0,0,1,0,2,2,1,0,0,0,0,0,0,0,0,2,1.3,-3,2
Russ Smith,6,4,2015-11-05,24,MEM,A,POR,-19,0,3:34,0,1,0,0,1,0,0,0,NA,0,0,0,2,0,0,1,0,0,-0.3,5,2.5
Russ Smith,9,5,2015-11-11,24,MEM,H,GSW,-16,0,13:00,1,2,0.5,0,0,NA,3,4,0.75,0,1,1,0,1,0,1,1,5,3.5,-13,7.8
Russ Smith,12,6,2015-11-16,24,MEM,H,OKC,8,0,0:02,0,0,NA,0,0,NA,0,0,NA,0,0,0,0,0,0,0,0,0,0,0,0
Russ Smith,13,7,2015-11-20,24,MEM,H,HOU,12,0,1:24,0,0,NA,0,0,NA,0,0,NA,0,0,0,0,0,0,0,0,0,0,-1,0
Russ Smith,15,8,2015-11-24,24,MEM,H,DAL,14,0,1:26,0,1,0,0,0,NA,0,0,NA,0,0,0,0,0,0,0,0,0,-0.7,1,0
Russ Smith,17,9,2015-11-27,24,MEM,H,ATL,-15,0,1:09,0,1,0,0,1,0,0,0,NA,0,0,0,0,0,0,0,0,0,-0.7,0,0
Russ Smith,20,10,2015-12-03,24,MEM,H,SAS,-20,0,4:24,1,2,0.5,0,0,NA,0,0,NA,0,0,0,1,0,0,1,0,2,0.7,-1,3
Russ Smith,22,11,2015-12-08,24,MEM,H,OKC,-37,0,8:59,1,1,1,0,0,NA,2,2,1,0,3,3,3,0,0,0,0,4,6.7,-4,12.3
Russ Smith,24,12,2015-12-11,24,MEM,H,CHO,-24,0,7:24,1,2,0.5,0,0,NA,0,0,NA,0,0,0,3,1,0,0,2,2,3.3,-6,8.5
Russ Smith,26,13,2015-12-14,24,MEM,H,WAS,17,0,1:24,0,0,NA,0,0,NA,0,0,NA,0,0,0,1,0,0,0,0,0,0.7,-3,1.5
Russ Smith,28,14,2015-12-18,24,MEM,A,DAL,-9,0,1:12,0,1,0,0,0,NA,0,0,NA,0,0,0,1,0,0,0,0,0,0,4,1.5
Russ Smith,33,15,2015-12-27,24,MEM,H,LAL,16,0,6:51,0,1,0,0,0,NA,0,2,0,0,2,2,0,2,1,2,0,0,-0.2,-9,7.5
Tony Allen,1,1,2015-10-28,33,MEM,H,CLE,-30,0,22:39,3,6,0.5,0,0,NA,0,0,NA,3,4,7,2,2,1,2,1,6,8,-6,22.8
Tony Allen,2,2,2015-10-29,33,MEM,A,IND,9,1,22:12,4,11,0.364,0,1,0,1,2,0.5,4,3,7,0,4,0,1,5,9,7.2,-7,25.3
Tony Allen,3,3,2015-10-31,33,MEM,H,BRK,10,1,28:48,3,6,0.5,0,1,0,0,0,NA,1,6,7,2,2,0,0,4,6,7.3,6,21.8
Tony Allen,4,4,2015-11-02,33,MEM,A,GSW,-50,1,12:05,0,6,0,0,2,0,0,0,NA,1,1,2,1,1,1,1,3,0,-3,-8,7.5
Tony Allen,5,5,2015-11-03,33,MEM,A,SAC,14,1,20:07,2,3,0.667,1,1,1,0,0,NA,1,3,4,2,0,0,0,4,5,5.1,13,13.5
Tony Allen,6,6,2015-11-05,33,MEM,A,POR,-19,1,23:33,3,6,0.5,0,1,0,0,0,NA,0,1,1,1,0,1,0,3,6,3.5,-11,10.8
Tony Allen,7,7,2015-11-07,33,MEM,A,UTA,-10,1,23:38,2,7,0.286,0,0,NA,1,2,0.5,3,4,7,0,3,0,1,4,5,4.2,-3,19.3
Tony Allen,8,8,2015-11-09,33,MEM,A,LAC,-2,1,26:11,3,6,0.5,0,0,NA,0,2,0,2,1,3,1,2,0,2,3,6,3.4,6,14.3
Tony Allen,9,9,2015-11-11,33,MEM,H,GSW,-16,1,23:43,5,7,0.714,1,2,0.5,4,4,1,3,1,4,0,1,1,0,2,15,15.4,-5,24.5
Tony Allen,10,10,2015-11-13,33,MEM,H,POR,1,1,25:29,0,6,0,0,0,NA,0,2,0,3,4,7,0,1,0,1,3,0,-2.9,-7,10.3
Tony Allen,11,11,2015-11-15,33,MEM,A,MIN,8,1,22:54,4,6,0.667,0,1,0,0,0,NA,0,1,1,1,2,0,2,4,8,4.8,-11,13.8
Tony Allen,12,12,2015-11-16,33,MEM,H,OKC,8,1,27:06,3,6,0.5,0,0,NA,0,0,NA,1,0,1,2,3,0,0,3,6,6.9,0,16.3
Tony Allen,13,13,2015-11-20,33,MEM,H,HOU,12,1,14:37,3,7,0.429,1,1,1,1,2,0.5,0,3,3,2,1,0,0,4,8,5.6,-3,17.3
Tony Allen,14,14,2015-11-21,33,MEM,A,SAS,-10,1,12:06,3,6,0.5,0,0,NA,0,0,NA,1,1,2,0,1,0,2,0,6,3,4,9.5
Tony Allen,15,15,2015-11-24,33,MEM,H,DAL,14,1,30:37,2,5,0.4,1,2,0.5,6,8,0.75,0,4,4,1,2,0,1,1,11,10,6,21.5
Tony Allen,16,16,2015-11-25,33,MEM,A,HOU,9,1,28:27,5,10,0.5,0,0,NA,0,0,NA,2,3,5,1,2,1,2,3,10,7.5,13,22.8
Tony Allen,17,17,2015-11-27,33,MEM,H,ATL,-15,1,20:28,3,9,0.333,0,1,0,0,0,NA,1,1,2,2,2,0,1,2,6,3.5,-10,15
Tony Allen,18,18,2015-11-29,33,MEM,H,PHI,8,1,19:27,4,8,0.5,0,0,NA,0,1,0,0,4,4,0,2,0,0,2,8,6,0,17
Tony Allen,19,19,2015-12-01,33,MEM,A,NOP,9,1,14:53,1,3,0.333,0,1,0,1,1,1,2,1,3,2,1,0,0,3,3,4.2,-6,11.8
Tony Allen,20,20,2015-12-03,33,MEM,H,SAS,-20,1,16:42,0,3,0,0,0,NA,0,0,NA,0,2,2,0,0,0,0,1,0,-1.9,-5,2.5
Tony Allen,21,21,2015-12-06,33,MEM,H,PHO,2,1,8:00,0,4,0,0,0,NA,0,0,NA,0,0,0,0,1,0,1,0,0,-2.8,-15,1.5
Tony Allen,22,22,2015-12-08,33,MEM,H,OKC,-37,1,14:16,2,6,0.333,0,0,NA,0,0,NA,2,0,2,1,0,0,1,2,4,0.9,-16,7.5
Tony Allen,23,23,2015-12-09,33,MEM,A,DET,1,1,22:07,2,6,0.333,0,1,0,0,0,NA,2,4,6,1,1,0,1,2,4,3.1,4,14.5
Tony Allen,24,24,2015-12-11,33,MEM,H,CHO,-24,1,29:56,5,11,0.455,0,1,0,0,0,NA,1,2,3,1,1,1,2,4,10,4.4,-13,18.3
Tony Allen,30,25,2015-12-22,33,MEM,A,PHI,14,0,16:34,0,5,0,0,1,0,1,4,0.25,1,2,3,0,1,0,1,1,1,-2.8,11,6.3
Tony Allen,31,26,2015-12-23,33,MEM,A,WAS,-9,0,21:34,1,2,0.5,0,0,NA,3,8,0.375,1,2,3,1,2,1,3,3,5,2.5,-3,14.8
Tony Allen,32,27,2015-12-26,33,MEM,A,CHO,-6,0,27:50,2,4,0.5,0,0,NA,0,0,NA,1,3,4,1,2,0,0,5,4,4.3,4,14.5
Tony Allen,33,28,2015-12-27,33,MEM,H,LAL,16,0,19:08,2,6,0.333,0,0,NA,0,0,NA,0,2,2,0,0,0,1,3,4,-1,4,6
Tony Allen,34,29,2015-12-29,33,MEM,H,MIA,9,0,36:28,3,8,0.375,0,0,NA,0,0,NA,5,2,7,0,2,1,1,3,6,6.2,1,20.3
Tony Allen,35,30,2016-01-02,33,MEM,A,UTA,-5,1,36:23,5,9,0.556,1,1,1,2,3,0.667,1,7,8,2,3,0,0,4,13,13.9,14,32.5
Tony Allen,36,31,2016-01-04,33,MEM,A,POR,13,0,26:42,3,8,0.375,1,1,1,1,2,0.5,3,1,4,1,1,0,1,2,8,5.5,8,16.5
Tony Allen,37,32,2016-01-06,33,MEM,A,OKC,-18,1,29:08,3,5,0.6,0,0,NA,2,3,0.667,1,4,5,2,3,0,1,4,8,9,-12,22.8
Tony Allen,38,33,2016-01-08,33,MEM,H,DEN,7,1,38:10,4,5,0.8,0,0,NA,2,3,0.667,2,7,9,1,3,1,0,4,10,14,10,30.8
Tony Allen,39,34,2016-01-10,33,MEM,H,BOS,3,1,31:54,5,9,0.556,1,1,1,4,6,0.667,4,6,10,0,2,1,2,4,15,13.6,0,34.5
Tony Allen,40,35,2016-01-12,34,MEM,H,HOU,-16,1,32:27,6,12,0.5,2,4,0.5,3,4,0.75,4,3,7,4,2,0,4,5,17,13.1,-9,34.8
Tony Allen,41,36,2016-01-14,34,MEM,H,DET,2,1,32:07,1,4,0.25,0,0,NA,0,0,NA,2,5,7,1,4,0,2,1,2,4.8,4,19.3
Tony Allen,42,37,2016-01-16,34,MEM,H,NYK,8,1,33:31,3,7,0.429,0,0,NA,1,2,0.5,3,6,9,1,1,0,2,3,7,5.3,3,20.8
Tony Allen,43,38,2016-01-18,34,MEM,H,NOP,2,1,24:17,2,5,0.4,0,0,NA,2,2,1,2,3,5,1,2,0,1,4,6,5.7,-9,17.3
Tony Allen,46,39,2016-01-25,34,MEM,H,ORL,6,1,40:21,4,9,0.444,0,0,NA,1,3,0.333,4,8,12,1,4,0,1,4,9,10.8,9,33
Tony Allen,47,40,2016-01-28,34,MEM,H,MIL,20,1,28:01,5,9,0.556,0,1,0,3,3,1,2,5,7,0,0,1,0,3,13,11.1,16,23.8
Tony Allen,48,41,2016-01-30,34,MEM,H,SAC,4,1,26:32,3,8,0.375,0,0,NA,6,6,1,0,5,5,0,2,0,0,3,12,9.9,3,22.3
Tony Allen,49,42,2016-02-01,34,MEM,A,NOP,15,1,31:38,1,5,0.2,0,0,NA,0,0,NA,0,7,7,1,0,0,0,6,2,-0.7,2,12.3
Tony Allen,50,43,2016-02-05,34,MEM,A,NYK,6,1,18:50,2,4,0.5,1,1,1,2,4,0.5,0,3,3,0,0,1,0,0,7,5.8,1,13.3
Tony Allen,51,44,2016-02-06,34,MEM,H,DAL,-4,1,17:20,0,0,NA,0,0,NA,0,0,NA,1,3,4,0,1,0,1,1,0,1.2,-12,6.5
Tony Allen,52,45,2016-02-08,34,MEM,H,POR,-6,1,38:55,3,4,0.75,1,1,1,1,4,0.25,1,6,7,0,1,0,0,3,8,7.5,-5,19.3
Tony Allen,53,46,2016-02-10,34,MEM,A,BRK,19,1,20:23,3,6,0.5,0,0,NA,0,0,NA,2,4,6,2,2,0,1,1,6,7.6,12,20
Tony Allen,54,47,2016-02-19,34,MEM,H,MIN,5,1,13:06,3,5,0.6,0,0,NA,3,4,0.75,0,2,2,2,1,0,2,2,9,6.5,4,15.5
Tony Allen,63,48,2016-03-07,34,MEM,A,CLE,3,1,33:43,11,17,0.647,1,1,1,3,3,1,1,1,2,4,5,1,2,4,26,24.4,8,46
Tony Allen,64,49,2016-03-09,34,MEM,A,BOS,-20,1,26:37,4,9,0.444,0,0,NA,4,6,0.667,2,3,5,2,2,0,4,2,12,7.4,-11,23.3
Tony Allen,65,50,2016-03-11,34,MEM,H,NOP,7,1,36:31,4,10,0.4,0,1,0,0,1,0,1,3,4,1,4,0,3,2,8,4.7,10,21
Tony Allen,66,51,2016-03-12,34,MEM,A,ATL,-12,1,22:41,7,14,0.5,1,1,1,0,1,0,5,4,9,0,2,0,2,2,15,11.5,-14,29.8
Tony Allen,67,52,2016-03-14,34,MEM,A,HOU,-49,1,25:49,2,10,0.2,0,2,0,1,2,0.5,0,5,5,0,3,0,2,4,5,-0.7,-37,16.3
Tony Allen,68,53,2016-03-16,34,MEM,H,MIN,-6,1,33:21,4,9,0.444,0,3,0,2,2,1,0,3,3,2,0,1,0,2,10,7.5,-7,18.8
Tony Allen,69,54,2016-03-17,34,MEM,A,MIL,-10,1,33:52,5,11,0.455,0,0,NA,3,3,1,2,2,4,2,2,0,0,4,13,11.1,-9,25
Tony Allen,70,55,2016-03-19,34,MEM,H,LAC,11,1,31:51,7,10,0.7,1,2,0.5,7,9,0.778,2,2,4,0,1,0,2,4,22,16.4,20,28.5
Tony Allen,71,56,2016-03-21,34,MEM,A,PHO,6,1,27:30,4,11,0.364,0,0,NA,4,4,1,3,1,4,2,2,1,2,2,12,9.6,16,25
Tony Allen,72,57,2016-03-22,34,MEM,A,LAL,-7,1,31:28,12,12,1,0,0,NA,3,5,0.6,0,4,4,5,1,0,5,4,27,21.7,-7,39
Tony Allen,73,58,2016-03-25,34,MEM,A,SAS,-6,1,23:38,3,6,0.5,1,1,1,2,4,0.5,1,1,2,1,1,1,0,0,9,8.6,-5,17.5
Tony Allen,74,59,2016-03-28,34,MEM,H,SAS,-14,1,16:56,2,8,0.25,0,2,0,0,0,NA,0,0,0,1,2,0,2,0,4,-0.1,-7,8.5
Tony Allen,75,60,2016-03-30,34,MEM,H,DEN,-4,1,22:17,3,7,0.429,0,0,NA,1,2,0.5,1,0,1,1,1,0,1,3,7,3.1,-19,11.3
Tony Allen,76,61,2016-04-01,34,MEM,H,TOR,-4,1,21:33,5,10,0.5,0,0,NA,0,0,NA,4,1,5,2,3,1,3,4,10,8.6,-16,25.8
Tony Allen,77,62,2016-04-03,34,MEM,A,ORL,-12,1,14:01,5,8,0.625,0,2,0,0,0,NA,3,2,5,1,0,0,1,0,10,8.8,-8,17.3
Tony Allen,78,63,2016-04-05,34,MEM,H,CHI,16,1,29:50,3,10,0.3,0,0,NA,0,2,0,1,8,9,1,4,0,2,2,6,4.4,7,25.8
Tony Allen,79,64,2016-04-08,34,MEM,A,DAL,-10,1,36:51,8,14,0.571,0,0,NA,9,9,1,5,2,7,1,3,1,2,4,25,23.3,5,42.3
Xavier Munford,2,1,2016-03-17,23,MEM,A,MIL,-10,0,11:00,0,3,0,0,1,0,2,2,1,0,1,1,0,2,0,1,2,2,0.4,4,NA
Xavier Munford,3,2,2016-03-19,23,MEM,H,LAC,11,0,19:42,3,5,0.6,0,1,0,1,2,0.5,2,1,3,1,0,0,0,2,7,5.9,-8,12.3
Xavier Munford,4,3,2016-03-21,23,MEM,A,PHO,6,0,9:36,1,2,0.5,1,2,0.5,0,0,NA,0,1,1,1,1,0,0,1,3,3.6,3,8.3
Xavier Munford,5,4,2016-03-22,23,MEM,A,LAL,-7,0,3:28,0,0,NA,0,0,NA,0,0,NA,0,0,0,0,1,0,1,1,0,-0.4,4,1.5
Xavier Munford,6,5,2016-03-25,23,MEM,A,SAS,-6,0,6:47,0,0,NA,0,0,NA,0,0,NA,0,3,3,2,0,0,0,0,0,2.3,-2,6.8
Xavier Munford,7,6,2016-03-28,23,MEM,H,SAS,-14,0,6:22,2,4,0.5,1,1,1,0,1,0,0,1,1,0,0,1,0,1,5,3.2,3,8.8
Xavier Munford,8,7,2016-03-30,23,MEM,H,DEN,-4,0,11:59,4,8,0.5,1,2,0.5,0,1,0,0,3,3,1,0,0,1,2,9,4.4,-1,14.3
Xavier Munford,9,8,2016-04-01,23,MEM,H,TOR,-4,0,22:02,5,7,0.714,2,3,0.667,0,0,NA,0,2,2,3,1,0,2,0,12,10.8,7,21
Xavier Munford,10,9,2016-04-03,23,MEM,A,ORL,-12,0,33:46,4,8,0.5,1,1,1,1,2,0.5,0,2,2,1,2,0,3,3,10,4.7,-5,17
Xavier Munford,11,10,2016-04-05,23,MEM,H,CHI,16,0,17:30,3,7,0.429,2,2,1,0,0,NA,0,3,3,0,0,0,2,1,8,2.8,4,11.8
Xavier Munford,12,11,2016-04-08,23,MEM,A,DAL,-10,0,14:51,0,2,0,0,2,0,1,2,0.5,0,0,0,1,1,0,1,3,1,-1.3,-3,4
Xavier Munford,13,12,2016-04-09,23,MEM,H,GSW,-1,0,29:32,3,10,0.3,1,3,0.333,1,2,0.5,1,6,7,4,3,1,0,2,8,10,2,31.3
Xavier Munford,14,13,2016-04-12,23,MEM,A,LAC,-26,0,32:06,5,11,0.455,0,3,0,1,1,1,0,3,3,4,0,0,4,4,11,3.4,-17,18.8
Xavier Munford,15,14,2016-04-13,23,MEM,A,GSW,-21,0,25:36,2,10,0.2,0,2,0,0,1,0,0,2,2,4,2,1,0,3,4,2.3,-16,18.5
Vince Carter,4,1,2015-11-02,38,MEM,A,GSW,-50,0,15:39,1,4,0.25,1,3,0.333,0,0,NA,0,1,1,0,1,0,1,2,3,0.1,-13,6.3
Vince Carter,13,2,2015-11-20,38,MEM,H,HOU,12,0,17:44,2,6,0.333,2,4,0.5,0,0,NA,1,2,3,0,1,2,0,3,6,5.1,5,16.8
Vince Carter,14,3,2015-11-21,38,MEM,A,SAS,-10,0,19:49,3,6,0.5,0,2,0,1,1,1,0,4,4,0,1,0,3,1,7,2.8,-5,12.5
Vince Carter,15,4,2015-11-24,38,MEM,H,DAL,14,0,11:03,1,4,0.25,0,2,0,1,2,0.5,0,2,2,0,0,0,0,3,3,-0.4,5,5.5
Vince Carter,16,5,2015-11-25,38,MEM,A,HOU,9,0,14:39,0,1,0,0,1,0,0,0,NA,2,4,6,2,1,0,1,2,0,2.5,10,12
Vince Carter,17,6,2015-11-27,38,MEM,H,ATL,-15,0,22:28,4,10,0.4,4,9,0.444,2,2,1,0,5,5,1,0,1,0,3,14,10.3,3,25.8
Vince Carter,18,7,2015-11-29,38,MEM,H,PHI,8,0,8:54,1,4,0.25,0,1,0,0,0,NA,1,0,1,0,0,0,2,4,2,-3.3,0,2.3
Vince Carter,19,8,2015-12-01,38,MEM,A,NOP,9,0,7:53,1,1,1,0,0,NA,0,0,NA,1,2,3,1,0,0,0,3,2,2.5,2,7.3
Vince Carter,20,9,2015-12-03,38,MEM,H,SAS,-20,0,10:42,0,2,0,0,1,0,0,0,NA,0,1,1,1,1,0,0,2,0,-0.2,-3,4.8
Vince Carter,21,10,2015-12-06,38,MEM,H,PHO,2,0,4:50,0,1,0,0,1,0,0,0,NA,0,0,0,0,0,0,0,0,0,-0.7,-5,0
Vince Carter,22,11,2015-12-08,38,MEM,H,OKC,-37,0,21:36,3,7,0.429,1,3,0.333,0,0,NA,1,2,3,1,0,0,0,0,7,5.3,-9,12.8
Vince Carter,29,12,2015-12-19,38,MEM,H,IND,12,0,22:24,3,5,0.6,1,3,0.333,2,2,1,0,1,1,2,1,1,0,1,9,9.7,5,17.8
Vince Carter,30,13,2015-12-22,38,MEM,A,PHI,14,0,16:53,3,8,0.375,2,5,0.4,0,0,NA,0,1,1,1,1,0,0,3,8,4.4,6,13.8
Vince Carter,31,14,2015-12-23,38,MEM,A,WAS,-9,0,12:39,0,5,0,0,4,0,1,2,0.5,0,2,2,0,2,0,1,2,1,-2.1,-4,7
Vince Carter,32,15,2015-12-26,38,MEM,A,CHO,-6,0,4:16,0,2,0,0,0,NA,0,0,NA,0,1,1,1,0,0,0,2,0,-1.2,0,2.8
Vince Carter,33,16,2015-12-27,38,MEM,H,LAL,16,0,13:40,1,3,0.333,0,2,0,0,0,NA,0,0,0,2,0,0,0,2,2,0.9,-13,5
Vince Carter,34,17,2015-12-29,38,MEM,H,MIA,9,0,9:24,0,3,0,0,2,0,0,0,NA,0,1,1,1,0,0,0,0,0,-1.1,-2,2.8
Vince Carter,35,18,2016-01-02,38,MEM,A,UTA,-5,0,8:42,0,1,0,0,1,0,0,0,NA,0,1,1,1,0,0,0,1,0,-0.1,-8,2.8
Vince Carter,37,19,2016-01-06,38,MEM,A,OKC,-18,0,12:00,1,3,0.333,0,1,0,2,2,1,0,0,0,3,0,1,0,4,4,3.5,0,10.5
Vince Carter,38,20,2016-01-08,38,MEM,H,DEN,7,0,9:19,0,2,0,0,1,0,0,0,NA,0,0,0,0,1,0,0,0,0,-0.4,5,2
Vince Carter,39,21,2016-01-10,38,MEM,H,BOS,3,0,19:57,2,7,0.286,1,5,0.2,3,4,0.75,0,2,2,0,1,3,1,3,8,5,7,18.5
Vince Carter,40,22,2016-01-12,38,MEM,H,HOU,-16,0,20:27,3,7,0.429,0,1,0,4,4,1,2,1,3,2,0,0,1,1,10,8,-13,16.3
Vince Carter,41,23,2016-01-14,38,MEM,H,DET,2,0,5:00,0,1,0,0,0,NA,0,0,NA,0,2,2,0,0,0,1,1,0,-1.5,2,2
Vince Carter,42,24,2016-01-16,38,MEM,H,NYK,8,0,5:55,1,3,0.333,0,0,NA,0,0,NA,0,0,0,0,0,0,1,0,2,-0.7,8,1.5
Vince Carter,43,25,2016-01-18,38,MEM,H,NOP,2,0,12:43,0,1,0,0,1,0,0,0,NA,0,2,2,0,0,0,0,0,0,-0.1,4,2.5
Vince Carter,44,26,2016-01-21,38,MEM,A,DEN,1,0,8:03,0,3,0,0,2,0,0,0,NA,0,0,0,1,0,0,0,0,0,-1.4,-11,1.5
Vince Carter,45,27,2016-01-23,38,MEM,A,MIN,-5,0,16:58,2,5,0.4,2,3,0.667,2,2,1,0,1,1,0,1,1,0,1,8,6.9,2,14.3
Vince Carter,46,28,2016-01-25,38,MEM,H,ORL,6,0,4:55,0,1,0,0,0,NA,0,0,NA,0,1,1,0,0,0,0,1,0,-0.8,-9,1.3
Vince Carter,47,29,2016-01-28,39,MEM,H,MIL,20,0,8:45,1,2,0.5,0,1,0,1,1,1,1,0,1,0,0,0,0,0,3,2.7,3,4.3
Vince Carter,48,30,2016-01-30,39,MEM,H,SAC,4,0,14:21,5,8,0.625,2,4,0.5,1,1,1,0,1,1,0,0,0,0,1,13,9.3,-6,15.3
Vince Carter,49,31,2016-02-01,39,MEM,A,NOP,15,0,19:00,5,6,0.833,3,4,0.75,0,0,NA,0,2,2,1,0,0,1,1,13,10.7,6,18
Vince Carter,50,32,2016-02-05,39,MEM,A,NYK,6,0,23:12,4,8,0.5,0,3,0,1,2,0.5,1,3,4,0,1,0,1,2,9,5.4,6,15.5
Vince Carter,51,33,2016-02-06,39,MEM,H,DAL,-4,0,13:42,0,2,0,0,2,0,0,0,NA,0,2,2,0,0,0,0,0,0,-0.8,-10,2.5
Vince Carter,52,34,2016-02-08,39,MEM,H,POR,-6,0,8:48,0,2,0,0,1,0,0,0,NA,0,1,1,1,0,0,0,0,0,-0.4,-2,2.8
Vince Carter,53,35,2016-02-10,39,MEM,A,BRK,19,0,20:52,4,9,0.444,1,4,0.25,2,2,1,1,2,3,2,1,0,2,0,11,8,0,19.3
Vince Carter,54,36,2016-02-19,39,MEM,H,MIN,5,0,25:46,5,10,0.5,3,8,0.375,2,2,1,1,3,4,0,2,0,1,4,15,11,9,25
Vince Carter,55,37,2016-02-21,39,MEM,A,TOR,-13,0,30:47,4,8,0.5,2,4,0.5,6,7,0.857,2,5,7,1,2,0,1,3,16,15,-5,30.8
Vince Carter,56,38,2016-02-24,39,MEM,H,LAL,9,0,20:56,3,6,0.5,1,2,0.5,2,2,1,0,1,1,2,1,1,0,2,9,8.6,9,17.8
Vince Carter,57,39,2016-02-26,39,MEM,A,LAL,17,0,19:35,7,10,0.7,5,7,0.714,0,0,NA,1,2,3,2,0,0,1,1,19,16.1,11,27.8
Vince Carter,58,40,2016-02-27,39,MEM,A,PHO,-5,0,22:31,1,6,0.167,1,5,0.2,2,2,1,0,2,2,0,2,1,0,5,5,2.5,1,14
Vince Carter,59,41,2016-02-29,39,MEM,A,DEN,7,0,19:19,1,7,0.143,0,3,0,2,2,1,0,0,0,1,1,1,2,1,4,-0.5,0,8.5
Vince Carter,60,42,2016-03-02,39,MEM,H,SAC,6,0,18:32,2,12,0.167,0,5,0,0,0,NA,1,2,3,1,1,0,1,1,4,-2,-2,10.8
Vince Carter,61,43,2016-03-04,39,MEM,H,UTA,6,0,20:35,4,10,0.4,1,5,0.2,0,0,NA,1,3,4,2,1,0,0,0,9,7.6,26,19.5
Vince Carter,62,44,2016-03-06,39,MEM,H,PHO,-9,0,23:03,1,5,0.2,1,2,0.5,2,2,1,0,4,4,0,1,0,1,4,5,1.5,-2,12
Vince Carter,63,45,2016-03-07,39,MEM,A,CLE,3,0,25:47,4,9,0.444,2,4,0.5,5,6,0.833,1,3,4,1,2,2,3,3,15,11.4,13,29
Vince Carter,64,46,2016-03-09,39,MEM,A,BOS,-20,0,27:20,5,9,0.556,4,6,0.667,3,4,0.75,0,6,6,3,3,1,2,3,17,16.7,-19,38
Vince Carter,65,47,2016-03-11,39,MEM,H,NOP,7,0,11:27,1,4,0.25,1,2,0.5,2,2,1,0,5,5,1,1,0,0,1,5,5.4,9,15.3
Vince Carter,70,48,2016-03-19,39,MEM,H,LAC,11,0,25:52,2,7,0.286,1,4,0.25,4,5,0.8,0,3,3,2,0,0,1,0,9,5.8,-17,15.8
Vince Carter,71,49,2016-03-21,39,MEM,A,PHO,6,0,21:34,3,8,0.375,2,6,0.333,0,0,NA,0,2,2,1,1,0,0,5,8,3.9,-6,15
Vince Carter,72,50,2016-03-22,39,MEM,A,LAL,-7,0,13:58,1,5,0.2,1,2,0.5,1,2,0.5,4,3,7,0,1,0,1,1,4,3.8,2,14.8
Vince Carter,73,51,2016-03-25,39,MEM,A,SAS,-6,0,13:06,4,6,0.667,0,2,0,2,2,1,0,1,1,1,0,0,2,1,10,6,-10,11.8
Vince Carter,74,52,2016-03-28,39,MEM,H,SAS,-14,0,21:24,3,9,0.333,2,3,0.667,6,7,0.857,0,3,3,1,0,0,0,1,14,9.7,3,20.3
Vince Carter,75,53,2016-03-30,39,MEM,H,DEN,-4,0,23:11,2,4,0.5,1,2,0.5,4,5,0.8,0,1,1,0,0,0,0,5,9,4.9,4,10.8
Vince Carter,76,54,2016-04-01,39,MEM,H,TOR,-4,0,19:04,4,10,0.4,2,6,0.333,0,1,0,4,2,6,1,1,0,0,4,10,7.7,14,22
Vince Carter,77,55,2016-04-03,39,MEM,A,ORL,-12,0,24:25,6,9,0.667,1,2,0.5,0,1,0,0,3,3,2,1,0,1,1,13,10.6,-6,21.8
Vince Carter,78,56,2016-04-05,39,MEM,H,CHI,16,0,24:42,7,15,0.467,2,4,0.5,1,1,1,2,3,5,4,2,1,1,1,17,15.7,23,35.8
Vince Carter,79,57,2016-04-08,39,MEM,A,DAL,-10,0,17:01,2,4,0.5,1,2,0.5,1,2,0.5,0,1,1,0,0,0,0,1,6,3.5,-22,7.8
Vince Carter,80,58,2016-04-09,39,MEM,H,GSW,-1,1,30:40,6,12,0.5,1,2,0.5,2,2,1,3,4,7,4,0,0,0,2,15,14.3,-15,30.3
Vince Carter,81,59,2016-04-12,39,MEM,A,LAC,-26,1,14:36,1,7,0.143,1,1,1,0,0,NA,0,1,1,1,1,0,1,1,3,-0.9,-9,7.8
Vince Carter,82,60,2016-04-13,39,MEM,A,GSW,-21,1,22:59,3,8,0.375,3,3,1,0,0,NA,0,2,2,1,0,0,0,1,9,5.5,-10,14.5
P.J. Hairston,54,49,2016-02-19,23,MEM,H,MIN,5,0,7:21,1,3,0.333,0,2,0,0,0,NA,0,0,0,0,0,0,1,1,2,-1.1,-6,1.5
P.J. Hairston,55,50,2016-02-21,23,MEM,A,TOR,-13,1,16:14,1,5,0.2,0,2,0,0,0,NA,0,1,1,0,0,0,2,3,2,-4,-8,2.3
P.J. Hairston,56,51,2016-02-24,23,MEM,H,LAL,9,1,22:30,5,9,0.556,4,7,0.571,3,4,0.75,0,2,2,2,1,0,0,1,17,14.9,18,26.5
P.J. Hairston,57,52,2016-02-26,23,MEM,A,LAL,17,1,30:28,8,13,0.615,5,9,0.556,0,0,NA,0,4,4,0,1,0,3,4,21,12.7,6,29
P.J. Hairston,58,53,2016-02-27,23,MEM,A,PHO,-5,1,23:57,1,5,0.2,1,3,0.333,1,2,0.5,0,2,2,0,0,1,0,1,4,1.4,-9,9
P.J. Hairston,59,54,2016-02-29,23,MEM,A,DEN,7,1,31:33,5,10,0.5,2,6,0.333,2,3,0.667,0,4,4,0,1,1,0,1,14,11.1,9,24
P.J. Hairston,60,55,2016-03-02,23,MEM,H,SAC,6,1,22:55,2,8,0.25,0,3,0,2,2,1,1,2,3,2,0,1,2,3,6,1.4,-8,13.8
P.J. Hairston,61,56,2016-03-04,23,MEM,H,UTA,6,1,17:03,1,6,0.167,0,2,0,0,0,NA,1,2,3,0,1,0,1,3,2,-1.7,-25,7.3
P.J. Hairston,62,57,2016-03-06,23,MEM,H,PHO,-9,1,19:03,1,4,0.25,0,1,0,0,0,NA,0,0,0,0,0,0,2,2,2,-3.2,-8,1
P.J. Hairston,63,58,2016-03-07,23,MEM,A,CLE,3,1,35:23,2,9,0.222,1,6,0.167,4,5,0.8,1,2,3,0,0,1,1,3,9,2.9,7,14.8
P.J. Hairston,64,59,2016-03-09,23,MEM,A,BOS,-20,0,24:33,1,8,0.125,0,4,0,0,0,NA,2,1,3,0,1,0,0,0,2,-0.5,-23,7.8
P.J. Hairston,65,60,2016-03-11,23,MEM,H,NOP,7,0,24:02,4,10,0.4,0,1,0,0,1,0,1,3,4,1,1,0,1,5,8,2.5,-8,16
P.J. Hairston,66,61,2016-03-12,23,MEM,A,ATL,-12,0,20:09,4,11,0.364,0,6,0,1,2,0.5,1,4,5,1,0,0,0,0,9,5.1,1,16.8
P.J. Hairston,67,62,2016-03-14,23,MEM,A,HOU,-49,0,17:50,3,8,0.375,0,3,0,0,0,NA,0,2,2,2,0,0,2,2,6,0.8,-11,10.5
P.J. Hairston,79,63,2016-04-08,23,MEM,A,DAL,-10,0,5:37,1,3,0.333,0,2,0,0,0,NA,0,0,0,0,1,0,0,1,2,0.9,5,4
P.J. Hairston,80,64,2016-04-09,23,MEM,H,GSW,-1,0,16:00,2,5,0.4,0,2,0,3,3,1,0,4,4,1,0,0,0,1,7,5.8,15,13.5
P.J. Hairston,81,65,2016-04-12,23,MEM,A,LAC,-26,0,23:42,2,7,0.286,2,5,0.4,0,0,NA,0,3,3,0,0,0,2,0,6,0.8,-14,9.8
P.J. Hairston,82,66,2016-04-13,23,MEM,A,GSW,-21,0,17:08,2,8,0.25,1,5,0.2,0,0,NA,0,3,3,0,1,0,0,0,5,2.1,-7,11.3
Briante Weber,1,1,2016-03-11,23,MEM,H,NOP,7,1,39:42,4,6,0.667,0,0,NA,2,2,1,1,4,5,7,1,1,2,2,10,13.1,-4,NA
Briante Weber,2,2,2016-03-12,23,MEM,A,ATL,-12,1,31:33,1,5,0.2,0,2,0,0,0,NA,3,1,4,3,3,1,0,1,2,6.7,-15,NA
Briante Weber,3,3,2016-03-14,23,MEM,A,HOU,-49,1,34:37,1,8,0.125,0,0,NA,1,2,0.5,2,5,7,3,2,0,5,1,3,-1,-43,17.8
Briante Weber,4,4,2016-03-16,23,MEM,H,MIN,-6,1,33:57,6,13,0.462,0,1,0,0,0,NA,1,2,3,4,1,1,2,3,12,7.9,0,24.8
Briante Weber,5,5,2016-03-17,23,MEM,A,MIL,-10,0,14:55,1,4,0.25,0,1,0,0,0,NA,1,3,4,2,1,0,0,1,2,3.2,-4,12
Briante Weber,6,6,2016-03-19,23,MEM,H,LAC,11,0,11:12,0,2,0,0,1,0,0,0,NA,0,1,1,1,1,0,0,3,0,-0.6,-6,4.8
Jarnell Stokes,6,1,2015-11-05,21,MEM,A,POR,-19,0,3:18,0,0,NA,0,0,NA,0,0,NA,1,1,2,0,0,0,0,0,0,1,5,2.5
Jarnell Stokes,7,2,2015-11-07,21,MEM,A,UTA,-10,0,1:08,0,0,NA,0,0,NA,0,0,NA,0,0,0,0,0,0,0,0,0,0,-4,0
Lance Stephenson,55,44,2016-02-21,25,MEM,A,TOR,-13,0,22:22,6,10,0.6,0,0,NA,4,4,1,0,3,3,2,1,0,1,1,16,13.3,-12,24.3
Lance Stephenson,56,45,2016-02-24,25,MEM,H,LAL,9,0,23:17,3,7,0.429,0,0,NA,2,4,0.5,0,4,4,1,0,0,1,3,8,3.2,-11,14
Lance Stephenson,57,46,2016-02-26,25,MEM,A,LAL,17,0,25:38,7,15,0.467,0,2,0,0,0,NA,2,5,7,3,1,0,1,3,14,10.1,5,28.8
Lance Stephenson,58,47,2016-02-27,25,MEM,A,PHO,-5,0,27:11,4,8,0.5,0,0,NA,4,4,1,0,4,4,3,0,0,1,3,12,9.1,-2,21
Lance Stephenson,59,48,2016-02-29,25,MEM,A,DEN,7,0,20:39,6,9,0.667,0,1,0,2,2,1,0,3,3,2,1,0,1,0,14,12.4,-1,22.3
Lance Stephenson,60,49,2016-03-02,25,MEM,H,SAC,6,0,15:43,3,7,0.429,0,1,0,1,1,1,1,2,3,3,1,0,4,2,7,2.9,7,15.3
Lance Stephenson,61,50,2016-03-04,25,MEM,H,UTA,6,0,24:36,8,11,0.727,0,0,NA,0,0,NA,0,5,5,1,0,0,2,5,16,9.7,15,22.8
Lance Stephenson,62,51,2016-03-06,25,MEM,H,PHO,-9,0,23:55,4,11,0.364,1,3,0.333,4,4,1,1,4,5,2,1,0,1,0,13,10.2,-7,24.3
Lance Stephenson,63,52,2016-03-07,25,MEM,A,CLE,3,0,27:33,8,15,0.533,1,1,1,0,1,0,0,7,7,3,1,1,3,2,17,11.4,-13,33.3
Lance Stephenson,64,53,2016-03-09,25,MEM,A,BOS,-20,0,21:23,1,8,0.125,0,1,0,0,0,NA,0,2,2,3,0,0,2,2,2,-3.3,-18,8
Lance Stephenson,65,54,2016-03-11,25,MEM,H,NOP,7,0,37:48,12,20,0.6,1,2,0.5,8,12,0.667,0,7,7,4,2,1,1,3,33,27.6,17,53.8
Lance Stephenson,66,55,2016-03-12,25,MEM,A,ATL,-12,0,29:58,7,12,0.583,0,2,0,4,4,1,0,8,8,6,0,0,1,1,18,17.6,-5,36.5
Lance Stephenson,68,56,2016-03-16,25,MEM,H,MIN,-6,0,35:49,8,18,0.444,0,2,0,8,9,0.889,4,7,11,7,0,0,1,4,24,21.4,11,49.3
Lance Stephenson,69,57,2016-03-17,25,MEM,A,MIL,-10,1,38:28,8,21,0.381,0,1,0,3,3,1,1,6,7,6,1,0,3,4,19,10.6,-7,37.3
Lance Stephenson,70,58,2016-03-19,25,MEM,H,LAC,11,1,27:36,4,9,0.444,0,0,NA,4,5,0.8,1,2,3,1,2,1,1,2,12,9.8,27,22.8
Lance Stephenson,71,59,2016-03-21,25,MEM,A,PHO,6,0,22:08,6,8,0.75,0,1,0,4,4,1,1,1,2,0,0,0,4,2,16,9,5,16.5
Lance Stephenson,72,60,2016-03-22,25,MEM,A,LAL,-7,0,21:22,5,12,0.417,1,1,1,5,5,1,2,4,6,0,2,0,2,1,16,11.8,-7,27
Lance Stephenson,73,61,2016-03-25,25,MEM,A,SAS,-6,0,27:32,8,15,0.533,1,2,0.5,0,1,0,0,1,1,3,3,0,0,4,17,13.1,0,29.3
Lance Stephenson,74,62,2016-03-28,25,MEM,H,SAS,-14,0,21:03,2,8,0.25,0,1,0,0,0,NA,3,1,4,3,0,0,6,1,4,-2.7,-17,10.5
Lance Stephenson,75,63,2016-03-30,25,MEM,H,DEN,-4,0,25:37,4,10,0.4,0,1,0,4,7,0.571,2,1,3,1,0,1,1,2,12,6.7,12,18.8
Lance Stephenson,76,64,2016-04-01,25,MEM,H,TOR,-4,0,28:57,5,15,0.333,0,1,0,2,2,1,0,3,3,4,0,1,2,1,12,5.5,10,22.8
Lance Stephenson,77,65,2016-04-03,25,MEM,A,ORL,-12,0,22:45,4,11,0.364,0,0,NA,3,4,0.75,0,4,4,3,0,1,1,1,11,7.1,-4,22
Lance Stephenson,79,66,2016-04-08,25,MEM,A,DAL,-10,0,24:32,5,10,0.5,0,1,0,0,0,NA,1,5,6,5,0,0,2,4,10,7.1,-4,24
Lance Stephenson,80,67,2016-04-09,25,MEM,H,GSW,-1,1,38:15,6,13,0.462,1,2,0.5,0,0,NA,1,1,2,0,1,0,2,1,13,5.9,0,17
Lance Stephenson,81,68,2016-04-12,25,MEM,A,LAC,-26,0,22:26,4,11,0.364,2,2,1,1,2,0.5,1,2,3,3,0,0,1,2,11,6.1,-11,19.8
Lance Stephenson,82,69,2016-04-13,25,MEM,A,GSW,-21,0,35:26,8,14,0.571,3,3,1,3,3,1,0,2,2,4,2,0,1,2,22,19,-18,35.5
JaMychal Green,1,1,2015-10-28,25,MEM,H,CLE,-30,0,14:00,2,5,0.4,0,1,0,0,2,0,4,3,7,0,0,0,0,2,4,3.4,-17,12.8
JaMychal Green,2,2,2015-10-29,25,MEM,A,IND,9,0,12:45,1,4,0.25,0,0,NA,3,4,0.75,2,2,4,0,0,1,2,2,5,2.1,-1,11
JaMychal Green,3,3,2015-10-31,25,MEM,H,BRK,10,0,11:20,2,5,0.4,1,1,1,0,0,NA,1,2,3,0,0,1,0,2,5,3.5,2,11.3
JaMychal Green,4,4,2015-11-02,25,MEM,A,GSW,-50,0,21:27,3,8,0.375,0,1,0,0,0,NA,1,3,4,1,1,0,0,1,6,4.5,-12,14.5
JaMychal Green,5,5,2015-11-03,25,MEM,A,SAC,14,0,19:58,4,7,0.571,0,1,0,4,4,1,4,8,12,0,1,0,3,3,12,10.7,5,29
JaMychal Green,6,6,2015-11-05,25,MEM,A,POR,-19,0,10:24,3,4,0.75,2,2,1,0,0,NA,0,3,3,0,1,0,0,1,8,7.9,4,14.8
JaMychal Green,7,7,2015-11-07,25,MEM,A,UTA,-10,0,9:15,0,3,0,0,0,NA,2,2,1,1,1,2,1,0,0,0,0,2,1.6,4,6
JaMychal Green,8,8,2015-11-09,25,MEM,A,LAC,-2,0,16:19,2,4,0.5,0,0,NA,1,2,0.5,0,1,1,1,0,0,0,4,5,2,-11,7.8
JaMychal Green,9,9,2015-11-11,25,MEM,H,GSW,-16,0,25:16,3,4,0.75,0,0,NA,3,4,0.75,2,7,9,0,1,2,3,4,9,8.3,-19,24.8
JaMychal Green,10,10,2015-11-13,25,MEM,H,POR,1,0,18:02,3,7,0.429,0,1,0,0,0,NA,2,2,4,0,0,0,2,4,6,0.7,6,10
JaMychal Green,11,11,2015-11-15,25,MEM,A,MIN,8,0,24:38,4,6,0.667,1,1,1,3,3,1,1,6,7,1,1,1,2,1,12,11.9,13,25.8
JaMychal Green,12,12,2015-11-16,25,MEM,H,OKC,8,0,30:23,1,5,0.2,1,1,1,2,2,1,1,2,3,0,1,2,0,3,5,4.4,0,15.3
JaMychal Green,13,13,2015-11-20,25,MEM,H,HOU,12,1,23:00,2,6,0.333,0,0,NA,1,1,1,1,4,5,1,0,0,4,4,5,-1.4,-1,10.8
JaMychal Green,14,14,2015-11-21,25,MEM,A,SAS,-10,1,21:11,3,6,0.5,0,0,NA,2,2,1,2,3,5,1,1,0,0,5,8,7,-1,17.8
JaMychal Green,15,15,2015-11-24,25,MEM,H,DAL,14,0,16:58,5,7,0.714,1,1,1,2,2,1,1,5,6,1,1,0,3,4,13,9.4,4,23
JaMychal Green,16,16,2015-11-25,25,MEM,A,HOU,9,0,12:06,2,6,0.333,0,0,NA,2,2,1,1,2,3,0,0,1,2,5,6,0.6,-1,10.8
JaMychal Green,17,17,2015-11-27,25,MEM,H,ATL,-15,0,26:38,4,7,0.571,0,0,NA,1,1,1,1,6,7,2,1,0,1,3,9,8.4,3,22.3
JaMychal Green,18,18,2015-11-29,25,MEM,H,PHI,8,0,16:59,1,3,0.333,0,1,0,0,0,NA,0,3,3,1,1,0,4,2,2,-1.9,-2,7.3
JaMychal Green,19,19,2015-12-01,25,MEM,A,NOP,9,0,9:00,1,2,0.5,0,0,NA,0,0,NA,2,2,4,0,0,0,0,1,2,2.6,11,7
JaMychal Green,20,20,2015-12-03,25,MEM,H,SAS,-20,0,13:23,2,4,0.5,0,1,0,0,0,NA,1,2,3,1,0,0,0,4,4,2.4,-7,9.3
JaMychal Green,21,21,2015-12-06,25,MEM,H,PHO,2,0,17:55,2,4,0.5,0,0,NA,3,3,1,3,6,9,1,0,0,1,1,7,8.2,19,19.3
JaMychal Green,22,22,2015-12-08,25,MEM,H,OKC,-37,0,19:01,4,7,0.571,0,0,NA,3,4,0.75,2,2,4,0,1,0,0,2,11,9.5,-9,18
JaMychal Green,23,23,2015-12-09,25,MEM,A,DET,1,0,14:40,1,4,0.25,0,0,NA,1,1,1,1,2,3,1,0,0,0,0,3,2.6,6,8.3
JaMychal Green,24,24,2015-12-11,25,MEM,H,CHO,-24,0,16:59,2,5,0.4,0,0,NA,2,4,0.5,2,1,3,0,0,0,1,5,6,1.2,-5,9.3
JaMychal Green,25,25,2015-12-13,25,MEM,A,MIA,-3,0,9:03,2,3,0.667,0,0,NA,0,0,NA,2,1,3,0,0,0,0,1,4,4,-10,7.8
JaMychal Green,26,26,2015-12-14,25,MEM,H,WAS,17,0,11:17,0,2,0,0,0,NA,0,0,NA,0,3,3,0,0,0,2,0,0,-2.5,-7,2.8
JaMychal Green,27,27,2015-12-16,25,MEM,A,CHI,-13,0,14:03,4,6,0.667,0,1,0,3,6,0.5,1,1,2,0,1,0,3,1,11,5.8,-5,14
JaMychal Green,28,28,2015-12-18,25,MEM,A,DAL,-9,0,12:32,4,6,0.667,0,0,NA,0,0,NA,5,2,7,0,0,0,1,2,8,7.7,0,16.3
JaMychal Green,29,29,2015-12-19,25,MEM,H,IND,12,0,8:25,1,3,0.333,0,0,NA,0,0,NA,0,4,4,0,0,1,0,1,2,1.8,1,9
JaMychal Green,30,30,2015-12-22,25,MEM,A,PHI,14,0,9:33,3,4,0.75,0,0,NA,1,2,0.5,1,0,1,0,0,0,1,3,7,3.5,-4,7.8
JaMychal Green,31,31,2015-12-23,25,MEM,A,WAS,-9,0,15:52,3,4,0.75,0,0,NA,2,2,1,0,1,1,1,0,0,0,3,8,6.2,-4,10.8
JaMychal Green,32,32,2015-12-26,25,MEM,A,CHO,-6,0,14:22,2,5,0.4,0,0,NA,4,4,1,1,7,8,0,0,0,1,1,8,6.7,5,17.5
JaMychal Green,33,33,2015-12-27,25,MEM,H,LAL,16,0,27:22,3,7,0.429,1,1,1,0,2,0,1,7,8,1,1,2,1,3,7,6.2,2,24.5
JaMychal Green,34,34,2015-12-29,25,MEM,H,MIA,9,0,7:19,0,3,0,0,1,0,0,0,NA,2,1,3,0,0,0,0,2,0,-1.2,-8,3.8
JaMychal Green,35,35,2016-01-02,25,MEM,A,UTA,-5,0,5:50,0,0,NA,0,0,NA,0,0,NA,0,1,1,0,0,0,0,1,0,-0.1,-3,1.3
JaMychal Green,36,36,2016-01-04,25,MEM,A,POR,13,0,11:15,3,4,0.75,0,0,NA,0,0,NA,2,3,5,0,0,0,1,1,6,5.3,-1,11.8
JaMychal Green,37,37,2016-01-06,25,MEM,A,OKC,-18,0,17:42,4,7,0.571,0,0,NA,1,2,0.5,1,3,4,0,0,0,1,3,9,4.7,3,13.5
JaMychal Green,38,38,2016-01-08,25,MEM,H,DEN,7,0,9:17,0,3,0,0,0,NA,0,0,NA,1,1,2,0,0,0,1,0,0,-2.1,0,2
JaMychal Green,39,39,2016-01-10,25,MEM,H,BOS,3,0,15:23,2,2,1,0,0,NA,2,2,1,1,3,4,0,0,1,2,1,6,5.3,12,12
JaMychal Green,40,40,2016-01-12,25,MEM,H,HOU,-16,0,14:27,1,2,0.5,1,1,1,0,0,NA,0,1,1,0,1,0,0,4,3,1.7,-9,6.8
JaMychal Green,41,41,2016-01-14,25,MEM,H,DET,2,0,4:44,0,1,0,0,0,NA,2,2,1,0,0,0,1,0,0,1,2,2,0.2,2,3
JaMychal Green,42,42,2016-01-16,25,MEM,H,NYK,8,0,7:16,0,1,0,0,0,NA,1,2,0.5,1,3,4,0,0,1,1,2,1,0.4,-3,7.5
JaMychal Green,43,43,2016-01-18,25,MEM,H,NOP,2,0,4:27,2,2,1,0,0,NA,1,1,1,0,0,0,0,0,1,0,0,5,5.1,5,7
JaMychal Green,44,44,2016-01-21,25,MEM,A,DEN,1,0,14:08,3,4,0.75,1,1,1,0,0,NA,0,2,2,0,0,0,0,2,7,5.2,0,10
JaMychal Green,45,45,2016-01-23,25,MEM,A,MIN,-5,0,10:54,2,3,0.667,0,0,NA,0,0,NA,1,4,5,0,0,0,0,3,4,3.4,3,10.3
JaMychal Green,47,46,2016-01-28,25,MEM,H,MIL,20,0,5:28,0,1,0,0,0,NA,0,0,NA,0,0,0,0,0,0,1,0,0,-1.7,-5,-0.5
JaMychal Green,49,47,2016-02-01,25,MEM,A,NOP,15,0,8:30,1,2,0.5,0,0,NA,0,0,NA,0,1,1,2,0,0,2,2,2,-0.1,3,5.3
JaMychal Green,52,48,2016-02-08,25,MEM,H,POR,-6,0,12:49,1,1,1,0,0,NA,0,0,NA,0,2,2,0,1,0,0,2,2,2.5,2,6.5
JaMychal Green,53,49,2016-02-10,25,MEM,A,BRK,19,1,20:48,5,6,0.833,1,1,1,2,2,1,0,4,4,1,1,0,0,5,13,11.7,11,22
JaMychal Green,54,50,2016-02-19,25,MEM,H,MIN,5,1,30:08,4,9,0.444,0,1,0,1,2,0.5,4,7,11,2,3,3,1,2,9,13.5,11,37.3
JaMychal Green,55,51,2016-02-21,25,MEM,A,TOR,-13,1,20:09,2,5,0.4,0,1,0,0,1,0,2,4,6,0,1,0,0,5,4,2.5,8,13.5
JaMychal Green,56,52,2016-02-24,25,MEM,H,LAL,9,1,25:17,5,8,0.625,1,1,1,1,2,0.5,1,8,9,0,1,0,0,2,12,11.3,15,25.8
JaMychal Green,57,53,2016-02-26,25,MEM,A,LAL,17,0,22:39,4,8,0.5,0,0,NA,2,2,1,1,2,3,0,1,1,3,3,10,4.8,-6,16.3
JaMychal Green,58,54,2016-02-27,25,MEM,A,PHO,-5,0,15:55,3,7,0.429,0,1,0,0,0,NA,1,1,2,1,1,1,0,3,6,4.5,3,14
JaMychal Green,59,55,2016-02-29,25,MEM,A,DEN,7,0,12:07,1,2,0.5,0,0,NA,0,0,NA,0,0,0,0,0,0,1,2,2,-0.8,-1,1.5
JaMychal Green,60,56,2016-03-02,25,MEM,H,SAC,6,0,21:16,5,7,0.714,1,1,1,4,5,0.8,1,1,2,0,3,0,1,3,15,13.5,0,23.5
JaMychal Green,61,57,2016-03-04,25,MEM,H,UTA,6,0,19:45,3,5,0.6,0,2,0,0,0,NA,0,3,3,1,0,0,0,0,6,5.3,7,11.3
JaMychal Green,62,58,2016-03-06,25,MEM,H,PHO,-9,0,23:53,5,7,0.714,0,1,0,7,10,0.7,3,2,5,2,0,0,1,6,17,13.6,3,25.8
JaMychal Green,63,59,2016-03-07,25,MEM,A,CLE,3,1,36:32,6,13,0.462,0,2,0,4,4,1,4,6,10,6,4,2,1,1,16,22.1,15,50.5
JaMychal Green,64,60,2016-03-09,25,MEM,A,BOS,-20,1,36:55,6,12,0.5,0,1,0,5,6,0.833,4,9,13,2,0,2,4,4,17,13.3,-6,39.8
JaMychal Green,65,61,2016-03-11,25,MEM,H,NOP,7,1,38:03,9,15,0.6,0,0,NA,3,4,0.75,4,6,10,1,1,1,1,5,21,17.7,19,40
JaMychal Green,66,62,2016-03-12,25,MEM,A,ATL,-12,1,24:22,2,13,0.154,0,1,0,0,0,NA,4,4,8,0,0,0,3,3,4,-4.5,-23,12.5
JaMychal Green,67,63,2016-03-14,25,MEM,A,HOU,-49,1,28:08,4,17,0.235,1,5,0.2,0,0,NA,3,1,4,2,0,0,4,4,9,-3.1,-38,15.5
JaMychal Green,68,64,2016-03-16,25,MEM,H,MIN,-6,1,31:06,7,17,0.412,1,2,0.5,3,4,0.75,8,2,10,3,0,0,2,2,18,14,-6,36
JaMychal Green,69,65,2016-03-17,25,MEM,A,MIL,-10,1,36:50,5,14,0.357,0,0,NA,1,1,1,5,1,6,2,1,1,0,2,11,9.3,-9,25.5
JaMychal Green,70,66,2016-03-19,25,MEM,H,LAC,11,0,27:05,4,10,0.4,0,1,0,3,3,1,2,5,7,4,4,1,3,4,11,11.4,-1,34.3
JaMychal Green,71,67,2016-03-21,25,MEM,A,PHO,6,0,22:02,3,12,0.25,0,1,0,0,0,NA,3,4,7,1,1,0,0,1,6,3.4,2,18.3
JaMychal Green,72,68,2016-03-22,25,MEM,A,LAL,-7,0,19:35,3,5,0.6,0,1,0,0,0,NA,2,0,2,2,1,0,0,5,6,5.5,-2,13.5
JaMychal Green,73,69,2016-03-25,25,MEM,A,SAS,-6,1,25:12,10,18,0.556,0,1,0,0,0,NA,0,2,2,3,0,2,1,2,20,13.7,-2,30.5
JaMychal Green,74,70,2016-03-28,25,MEM,H,SAS,-14,1,27:08,5,9,0.556,1,2,0.5,1,2,0.5,0,5,5,3,1,0,0,5,12,9.9,-19,25.3
JaMychal Green,75,71,2016-03-30,25,MEM,H,DEN,-4,0,25:50,6,16,0.375,0,0,NA,1,2,0.5,9,3,12,3,0,1,2,2,13,11,7,35
JaMychal Green,76,72,2016-04-01,25,MEM,H,TOR,-4,0,27:58,5,9,0.556,0,0,NA,0,0,NA,3,4,7,0,2,2,2,0,10,10.4,7,25.8
JaMychal Green,77,73,2016-04-03,25,MEM,A,ORL,-12,0,29:59,5,9,0.556,0,0,NA,1,4,0.25,3,7,10,3,0,1,0,4,11,10.9,-2,31.5
JaMychal Green,78,74,2016-04-05,25,MEM,H,CHI,16,0,24:22,2,10,0.2,0,1,0,4,4,1,3,2,5,1,3,0,1,3,8,6,7,21.3
JaMychal Green,79,75,2016-04-08,25,MEM,A,DAL,-10,0,13:31,3,8,0.375,0,1,0,1,2,0.5,1,2,3,0,1,0,0,4,7,2.9,-7,12.8
JaMychal Green,80,76,2016-04-09,25,MEM,H,GSW,-1,0,13:53,1,8,0.125,0,0,NA,5,6,0.833,2,2,4,2,1,0,2,1,7,3.4,14,16
JaMychal Green,81,77,2016-04-12,25,MEM,A,LAC,-26,0,26:03,4,9,0.444,0,0,NA,0,0,NA,6,4,10,2,0,1,1,1,8,9.4,-7,25
JaMychal Green,82,78,2016-04-13,25,MEM,A,GSW,-21,0,26:00,5,8,0.625,0,0,NA,2,3,0.667,4,4,8,2,0,0,2,2,12,10.6,-13,24
Alex Stepheson,11,5,2016-03-12,28,MEM,A,ATL,-12,0,18:37,1,5,0.2,0,0,NA,2,2,1,2,4,6,2,1,2,0,0,4,7.3,11,NA
Alex Stepheson,12,6,2016-03-14,28,MEM,A,HOU,-49,0,25:17,5,17,0.294,0,0,NA,2,8,0.25,13,2,15,0,0,0,0,6,12,7,-15,32.3
Alex Stepheson,13,7,2016-03-16,28,MEM,H,MIN,-6,0,5:27,0,0,NA,0,0,NA,0,0,NA,0,1,1,0,0,0,0,1,0,-0.1,0,1.3
Alex Stepheson,14,8,2016-03-17,28,MEM,A,MIL,-10,0,11:16,2,4,0.5,0,0,NA,0,0,NA,3,1,4,0,0,1,0,1,4,4.7,-2,11
Brandan Wright,1,1,2015-10-28,28,MEM,H,CLE,-30,0,16:41,2,5,0.4,0,0,NA,4,4,1,1,1,2,0,0,1,2,1,8,4.6,-22,11.5
Brandan Wright,2,2,2015-10-29,28,MEM,A,IND,9,0,15:24,4,4,1,0,0,NA,1,2,0.5,0,1,1,0,0,2,0,1,9,8.7,-4,14.3
Brandan Wright,3,3,2015-10-31,28,MEM,H,BRK,10,0,16:21,3,5,0.6,0,0,NA,0,0,NA,3,2,5,0,0,0,1,0,6,5.4,-4,11.8
Brandan Wright,4,4,2015-11-02,28,MEM,A,GSW,-50,0,19:49,3,6,0.5,0,0,NA,1,2,0.5,0,6,6,1,0,2,0,2,7,6.7,-12,20
Brandan Wright,5,5,2015-11-03,28,MEM,A,SAC,14,0,27:41,4,5,0.8,0,0,NA,2,7,0.286,1,5,6,3,0,4,1,3,10,11,2,29.5
Brandan Wright,6,6,2015-11-05,28,MEM,A,POR,-19,0,17:39,2,4,0.5,0,0,NA,2,3,0.667,1,3,4,0,0,1,0,1,6,5.5,-4,13
Brandan Wright,7,7,2015-11-07,28,MEM,A,UTA,-10,0,6:05,0,1,0,0,0,NA,0,0,NA,0,0,0,0,1,0,0,1,0,-0.1,-8,2
Brandan Wright,54,8,2016-02-19,28,MEM,H,MIN,5,0,16:54,3,4,0.75,0,0,NA,0,0,NA,1,1,2,0,1,0,0,1,6,6,-8,10.5
Brandan Wright,55,9,2016-02-21,28,MEM,A,TOR,-13,0,20:38,1,2,0.5,0,0,NA,0,0,NA,1,1,2,1,0,1,3,2,2,-0.4,-4,6.5
Brandan Wright,56,10,2016-02-24,28,MEM,H,LAL,9,0,21:58,7,10,0.7,0,0,NA,1,4,0.25,4,2,6,1,0,2,2,3,15,11.9,-3,27
Brandan Wright,57,11,2016-02-26,28,MEM,A,LAL,17,1,18:21,3,3,1,0,0,NA,2,2,1,2,3,5,0,0,2,0,3,8,9.6,12,18.3
Brandan Wright,58,12,2016-02-27,28,MEM,A,PHO,-5,1,14:36,3,3,1,0,0,NA,0,0,NA,0,4,4,0,3,0,1,3,6,7.1,-2,16.5
Matt Barnes,1,1,2015-10-28,35,MEM,H,CLE,-30,0,17:30,0,4,0,0,3,0,0,0,NA,0,2,2,1,0,0,2,2,0,-4.3,-28,3
Matt Barnes,2,2,2015-10-29,35,MEM,A,IND,9,0,21:08,3,7,0.429,3,6,0.5,1,2,0.5,0,3,3,1,3,0,0,2,10,9.7,-5,22.8
Matt Barnes,3,3,2015-10-31,35,MEM,H,BRK,10,0,15:41,2,8,0.25,0,4,0,0,0,NA,1,0,1,0,1,0,0,4,4,-0.7,5,7.3
Matt Barnes,4,4,2015-11-02,35,MEM,A,GSW,-50,0,26:20,4,12,0.333,1,6,0.167,0,0,NA,2,4,6,1,1,3,2,4,9,5,-36,25.5
Matt Barnes,5,5,2015-11-03,35,MEM,A,SAC,14,0,23:36,1,9,0.111,0,5,0,5,5,1,0,3,3,2,1,2,0,5,7,3.8,9,19.8
Matt Barnes,6,6,2015-11-05,35,MEM,A,POR,-19,0,24:29,2,6,0.333,1,4,0.25,0,0,NA,1,4,5,3,0,1,0,3,5,5.1,-13,18.3
Matt Barnes,7,7,2015-11-07,35,MEM,A,UTA,-10,0,20:52,3,6,0.5,2,4,0.5,3,3,1,1,2,3,0,1,0,1,3,11,8.1,-2,17.3
Matt Barnes,8,8,2015-11-09,35,MEM,A,LAC,-2,0,26:17,2,8,0.25,1,3,0.333,3,3,1,0,6,6,1,2,2,1,4,8,6.5,-18,25
Matt Barnes,9,9,2015-11-11,35,MEM,H,GSW,-16,0,25:32,1,8,0.125,1,4,0.25,0,0,NA,1,2,3,0,2,0,1,4,3,-1.5,-17,10.8
Matt Barnes,10,10,2015-11-13,35,MEM,H,POR,1,0,18:18,2,2,1,2,2,1,0,0,NA,0,3,3,0,1,0,0,4,6,5.7,2,12.8
Matt Barnes,11,11,2015-11-15,35,MEM,A,MIN,8,0,12:57,0,4,0,0,2,0,0,0,NA,0,1,1,0,0,0,0,1,0,-2.9,3,1.3
Matt Barnes,12,12,2015-11-16,35,MEM,H,OKC,8,0,12:25,1,2,0.5,1,2,0.5,2,2,1,2,0,2,0,1,0,1,3,5,4.2,7,9.5
Matt Barnes,13,13,2015-11-20,35,MEM,H,HOU,12,0,33:39,5,9,0.556,1,4,0.25,1,2,0.5,0,7,7,2,3,0,1,2,12,12,12,29.8
Matt Barnes,14,14,2015-11-21,35,MEM,A,SAS,-10,0,31:10,5,8,0.625,0,2,0,0,0,NA,0,3,3,2,1,1,0,4,10,8.8,-2,20.8
Matt Barnes,15,15,2015-11-24,35,MEM,H,DAL,14,1,37:59,5,14,0.357,3,9,0.333,1,2,0.5,1,6,7,3,2,0,2,3,14,9.2,16,31.8
Matt Barnes,16,16,2015-11-25,35,MEM,A,HOU,9,1,30:51,5,11,0.455,2,6,0.333,1,1,1,1,7,8,3,1,0,2,3,13,10,-1,29.5
Matt Barnes,17,17,2015-11-27,35,MEM,H,ATL,-15,1,27:17,6,12,0.5,3,7,0.429,0,0,NA,1,1,2,0,0,0,0,5,15,8,-16,19
Matt Barnes,18,18,2015-11-29,35,MEM,H,PHI,8,0,27:07,5,10,0.5,1,4,0.25,2,5,0.4,2,6,8,5,2,1,0,0,13,16.2,11,37
Matt Barnes,19,19,2015-12-01,35,MEM,A,NOP,9,0,27:11,5,11,0.455,1,4,0.25,2,2,1,1,5,6,3,0,0,0,3,13,10.4,15,25.5
Matt Barnes,20,20,2015-12-03,35,MEM,H,SAS,-20,0,20:22,1,3,0.333,0,1,0,2,2,1,0,2,2,2,0,0,1,1,4,2.9,-15,9
Matt Barnes,21,21,2015-12-06,35,MEM,H,PHO,2,0,26:06,1,4,0.25,0,2,0,3,4,0.75,3,3,6,3,1,1,1,5,5,6,17,20.5
Matt Barnes,22,22,2015-12-08,35,MEM,H,OKC,-37,0,18:56,2,3,0.667,1,2,0.5,0,0,NA,0,0,0,0,0,1,3,4,5,-0.2,-19,6
Matt Barnes,23,23,2015-12-09,35,MEM,A,DET,1,0,30:12,3,7,0.429,2,4,0.5,0,0,NA,2,9,11,3,0,0,2,2,8,7.7,3,26.3
Matt Barnes,24,24,2015-12-11,35,MEM,H,CHO,-24,0,24:50,4,14,0.286,3,7,0.429,0,0,NA,3,4,7,1,1,1,2,2,11,5.7,-18,25.8
Matt Barnes,25,25,2015-12-13,35,MEM,A,MIA,-3,1,36:40,5,9,0.556,3,7,0.429,0,0,NA,1,12,13,4,2,1,3,3,13,14.3,-10,42.8
Matt Barnes,26,26,2015-12-14,35,MEM,H,WAS,17,1,33:00,7,9,0.778,4,5,0.8,2,2,1,1,5,6,2,2,1,4,3,20,17.6,22,36.5
Matt Barnes,27,27,2015-12-16,35,MEM,A,CHI,-13,1,22:11,2,7,0.286,0,3,0,3,4,0.75,0,1,1,0,1,1,1,4,7,1.9,-17,11.8
Matt Barnes,28,28,2015-12-18,35,MEM,A,DAL,-9,1,31:32,4,9,0.444,1,6,0.167,2,2,1,0,5,5,1,4,3,1,2,11,12.8,-1,32.8
Matt Barnes,29,29,2015-12-19,35,MEM,H,IND,12,1,39:06,6,14,0.429,3,6,0.5,0,0,NA,5,5,10,2,2,1,3,5,15,11.7,18,38
Matt Barnes,30,30,2015-12-22,35,MEM,A,PHI,14,1,29:20,5,8,0.625,2,4,0.5,0,0,NA,1,9,10,2,2,2,3,5,12,11.6,8,36.5
Matt Barnes,31,31,2015-12-23,35,MEM,A,WAS,-9,1,23:03,1,6,0.167,0,4,0,0,0,NA,0,1,1,0,2,2,2,1,2,-0.5,-8,10.3
Matt Barnes,32,32,2015-12-26,35,MEM,A,CHO,-6,1,28:15,3,9,0.333,1,4,0.25,0,0,NA,3,4,7,1,0,2,2,3,7,4.1,-11,20.8
Matt Barnes,33,33,2015-12-27,35,MEM,H,LAL,16,1,21:44,2,3,0.667,1,2,0.5,0,0,NA,1,7,8,2,0,0,1,2,5,6.1,22,18
Matt Barnes,36,34,2016-01-04,35,MEM,A,POR,13,1,25:37,0,5,0,0,2,0,3,4,0.75,2,4,6,1,3,0,0,4,3,3.8,6,18
Matt Barnes,37,35,2016-01-06,35,MEM,A,OKC,-18,1,35:22,6,11,0.545,1,6,0.167,0,2,0,1,1,2,0,1,0,2,4,13,5.3,-18,17
Matt Barnes,38,36,2016-01-08,35,MEM,H,DEN,7,1,32:43,4,7,0.571,3,4,0.75,4,4,1,1,6,7,3,0,1,1,2,15,15.2,5,31.3
Matt Barnes,39,37,2016-01-10,35,MEM,H,BOS,3,1,30:03,4,12,0.333,0,3,0,4,4,1,4,5,9,2,0,2,4,4,12,6.7,-4,28.3
Matt Barnes,41,38,2016-01-14,35,MEM,H,DET,2,0,27:31,6,7,0.857,6,6,1,0,0,NA,0,3,3,0,2,0,0,1,18,18,-1,28.8
Matt Barnes,42,39,2016-01-16,35,MEM,H,NYK,8,0,26:14,0,3,0,0,1,0,2,2,1,2,7,9,5,0,0,0,4,2,5.3,13,20.8
Matt Barnes,43,40,2016-01-18,35,MEM,H,NOP,2,0,27:45,5,9,0.556,2,6,0.333,4,4,1,0,3,3,1,0,0,1,4,16,10.7,1,21.8
Matt Barnes,44,41,2016-01-21,35,MEM,A,DEN,1,1,35:46,3,10,0.3,1,7,0.143,0,0,NA,1,6,7,5,3,1,1,2,7,9.1,-4,31.3
Matt Barnes,45,42,2016-01-23,35,MEM,A,MIN,-5,1,36:47,5,11,0.455,3,6,0.5,0,0,NA,1,2,3,5,1,0,2,3,13,9.9,-4,26.8
Matt Barnes,46,43,2016-01-25,35,MEM,H,ORL,6,0,18:14,1,5,0.2,0,3,0,0,0,NA,3,2,5,2,0,0,0,2,2,2.2,-10,11.3
Matt Barnes,47,44,2016-01-28,35,MEM,H,MIL,20,0,24:31,4,8,0.5,4,8,0.5,1,2,0.5,0,4,4,2,1,2,3,3,13,9.4,11,27.5
Matt Barnes,48,45,2016-01-30,35,MEM,H,SAC,4,0,21:33,0,7,0,0,4,0,0,0,NA,0,3,3,2,2,2,0,5,0,-1.2,-1,14.8
Matt Barnes,50,46,2016-02-05,35,MEM,A,NYK,6,0,21:22,4,9,0.444,2,5,0.4,2,2,1,0,7,7,1,1,1,2,3,12,8.6,7,26.3
Matt Barnes,51,47,2016-02-06,35,MEM,H,DAL,-4,0,36:20,6,10,0.6,5,7,0.714,0,0,NA,0,11,11,5,0,1,2,4,17,16.3,3,43.3
Matt Barnes,52,48,2016-02-08,35,MEM,H,POR,-6,0,27:36,2,6,0.333,1,5,0.2,0,0,NA,0,2,2,2,1,1,2,6,5,0.9,-6,14
Matt Barnes,53,49,2016-02-10,35,MEM,A,BRK,19,0,14:06,0,3,0,0,1,0,0,0,NA,0,1,1,0,1,0,0,1,0,-1.2,3,3.3
Matt Barnes,54,50,2016-02-19,35,MEM,H,MIN,5,1,32:39,2,10,0.2,1,4,0.25,6,6,1,0,5,5,2,2,1,1,3,11,8.2,9,26.3
Matt Barnes,55,51,2016-02-21,35,MEM,A,TOR,-13,1,31:20,0,6,0,0,5,0,1,2,0.5,1,6,7,2,0,2,3,5,1,-3.3,-7,15.3
Matt Barnes,56,52,2016-02-24,35,MEM,H,LAL,9,1,37:07,9,14,0.643,5,9,0.556,2,3,0.667,1,7,8,2,1,1,2,3,25,21.1,5,43.5
Matt Barnes,57,53,2016-02-26,35,MEM,A,LAL,17,1,29:05,0,5,0,0,4,0,0,0,NA,0,7,7,3,1,1,1,1,0,1,22,16.8
Matt Barnes,58,54,2016-02-27,35,MEM,A,PHO,-5,1,37:29,5,12,0.417,3,6,0.5,3,4,0.75,2,4,6,1,1,0,1,3,16,11.3,2,28
Matt Barnes,59,55,2016-02-29,35,MEM,A,DEN,7,1,37:48,6,10,0.6,0,4,0,4,6,0.667,1,4,5,5,2,0,1,2,16,16.2,7,33.3
Matt Barnes,60,56,2016-03-02,35,MEM,H,SAC,6,1,27:10,1,6,0.167,0,3,0,0,0,NA,0,2,2,3,0,0,2,3,2,-2.3,6,8
Matt Barnes,61,57,2016-03-04,35,MEM,H,UTA,6,1,23:49,2,8,0.25,1,4,0.25,0,0,NA,0,0,0,0,0,1,1,3,5,-1.3,-19,7
Matt Barnes,62,58,2016-03-06,35,MEM,H,PHO,-9,1,33:05,6,11,0.545,4,6,0.667,1,2,0.5,0,5,5,3,0,2,1,4,17,13.7,1,33.3
Matt Barnes,64,59,2016-03-09,36,MEM,A,BOS,-20,1,33:46,4,16,0.25,2,11,0.182,2,2,1,1,1,2,4,1,2,3,4,12,4,-17,26
Matt Barnes,65,60,2016-03-11,36,MEM,H,NOP,7,1,43:36,8,19,0.421,4,8,0.5,6,6,1,2,9,11,10,2,0,0,5,26,27,3,65.3
Matt Barnes,66,61,2016-03-12,36,MEM,A,ATL,-12,1,26:20,2,13,0.154,2,7,0.286,0,0,NA,0,6,6,0,1,1,4,2,6,-3.6,-25,16.5
Matt Barnes,67,62,2016-03-14,36,MEM,A,HOU,-49,1,25:12,5,12,0.417,2,5,0.4,2,2,1,3,4,7,2,0,0,2,0,14,10.3,-32,25.8
Matt Barnes,68,63,2016-03-16,36,MEM,H,MIN,-6,1,36:52,6,21,0.286,1,7,0.143,1,3,0.333,6,4,10,3,1,3,3,5,14,6.5,-8,39.5
Matt Barnes,69,64,2016-03-17,36,MEM,A,MIL,-10,1,35:24,7,18,0.389,3,9,0.333,3,4,0.75,1,6,7,3,1,1,5,2,20,10.3,-7,36.3
Matt Barnes,71,65,2016-03-21,36,MEM,A,PHO,6,1,34:58,4,11,0.364,2,3,0.667,2,3,0.667,1,8,9,3,1,2,4,4,12,7.5,6,32.8
Matt Barnes,72,66,2016-03-22,36,MEM,A,LAL,-7,1,32:19,4,10,0.4,0,3,0,1,2,0.5,0,0,0,3,0,1,2,2,9,3.2,-13,14.5
Matt Barnes,73,67,2016-03-25,36,MEM,A,SAS,-6,1,35:09,5,10,0.5,2,5,0.4,2,2,1,2,4,6,3,1,1,4,4,14,9.8,3,29
Matt Barnes,74,68,2016-03-28,36,MEM,H,SAS,-14,1,29:42,4,9,0.444,1,3,0.333,2,2,1,4,5,9,3,2,0,4,3,11,9.5,-16,29.3
Matt Barnes,75,69,2016-03-30,36,MEM,H,DEN,-4,1,40:26,2,12,0.167,1,8,0.125,1,2,0.5,4,7,11,3,2,0,1,2,6,5.2,-5,28.3
Matt Barnes,76,70,2016-04-01,36,MEM,H,TOR,-4,1,26:53,1,7,0.143,0,2,0,0,0,NA,1,3,4,1,0,0,1,4,2,-2.8,-18,8
Matt Barnes,77,71,2016-04-03,36,MEM,A,ORL,-12,1,36:03,8,17,0.471,5,10,0.5,3,3,1,0,6,6,1,0,1,4,4,24,12.9,-13,35.5
Matt Barnes,78,72,2016-04-05,36,MEM,H,CHI,16,1,41:08,4,10,0.4,2,7,0.286,6,6,1,0,7,7,2,0,0,1,2,16,12.3,8,28.3
Matt Barnes,79,73,2016-04-08,36,MEM,A,DAL,-10,1,38:05,3,11,0.273,3,8,0.375,2,2,1,0,7,7,5,2,0,2,4,11,8.5,-8,31.8
Matt Barnes,80,74,2016-04-09,36,MEM,H,GSW,-1,1,39:52,8,17,0.471,3,8,0.375,5,5,1,3,12,15,4,0,0,1,3,24,21.6,-3,51.3
Matt Barnes,81,75,2016-04-12,36,MEM,A,LAC,-26,1,26:04,3,8,0.375,0,4,0,1,3,0.333,0,1,1,0,0,0,3,2,7,-1.7,-12,6.8
Matt Barnes,82,76,2016-04-13,36,MEM,A,GSW,-21,1,31:42,2,11,0.182,0,5,0,2,3,0.667,2,7,9,6,2,0,2,2,6,5.6,-15,29.3
Ray McCallum,60,32,2016-03-12,24,MEM,A,ATL,-12,0,26:48,5,10,0.5,3,4,0.75,0,0,NA,1,3,4,2,2,1,2,2,13,10.9,6,NA
Ray McCallum,61,33,2016-03-14,24,MEM,A,HOU,-49,0,27:54,2,10,0.2,1,1,1,0,0,NA,1,1,2,4,2,0,3,2,5,0.8,-16,16.5
Ray McCallum,62,34,2016-03-16,24,MEM,H,MIN,-6,0,15:41,2,5,0.4,2,4,0.5,0,0,NA,0,0,0,1,0,0,1,1,6,2.6,-8,8
Ray McCallum,63,35,2016-03-17,24,MEM,A,MIL,-10,0,15:12,2,5,0.4,0,1,0,0,0,NA,0,1,1,0,0,0,2,0,4,-0.4,-6,4.3
Ray McCallum,64,36,2016-03-19,24,MEM,H,LAC,11,1,34:58,6,12,0.5,2,5,0.4,0,0,NA,0,2,2,3,0,2,2,3,14,8.9,15,25
Ray McCallum,65,37,2016-03-21,24,MEM,A,PHO,6,1,25:17,3,10,0.3,1,3,0.333,2,3,0.667,0,1,1,7,2,0,1,4,9,7.4,0,24.8
Ray McCallum,66,38,2016-03-22,24,MEM,A,LAL,-7,1,17:29,0,2,0,0,2,0,0,0,NA,0,0,0,3,0,0,1,2,0,-1.1,-5,4
Ray McCallum,67,39,2016-03-25,24,MEM,A,SAS,-6,0,20:41,3,10,0.3,1,3,0.333,0,0,NA,0,4,4,1,1,0,1,0,7,3.1,0,15.5
Ray McCallum,68,40,2016-03-28,24,MEM,H,SAS,-14,0,27:17,5,13,0.385,0,2,0,0,0,NA,0,1,1,4,0,0,0,1,10,5.6,7,17.3
Ray McCallum,69,41,2016-03-30,24,MEM,H,DEN,-4,0,7:15,0,2,0,0,1,0,1,2,0.5,0,1,1,2,0,0,0,0,1,0.9,-1,5.3
Ryan Hollins,13,6,2015-12-29,31,MEM,H,MIA,9,0,8:42,0,0,NA,0,0,NA,0,0,NA,1,0,1,1,1,1,1,4,0,0.5,-6,NA
Ryan Hollins,14,7,2016-01-02,31,MEM,A,UTA,-5,0,6:00,0,1,0,0,0,NA,0,0,NA,2,0,2,0,0,1,0,0,0,1.4,-10,4.5
Ryan Hollins,15,8,2016-01-04,31,MEM,A,POR,13,0,1:04,0,1,0,0,0,NA,0,0,NA,1,0,1,0,0,0,0,0,0,0,0,1.3
Ryan Hollins,16,9,2016-01-06,31,MEM,A,OKC,-18,0,12:02,3,3,1,0,0,NA,1,1,1,1,2,3,1,0,2,0,1,7,9.1,-9,16.3
Ryan Hollins,17,10,2016-01-21,31,MEM,A,DEN,1,0,12:46,2,3,0.667,0,0,NA,0,0,NA,0,4,4,0,0,1,0,3,4,3.4,-12,NA
Ryan Hollins,18,11,2016-01-23,31,MEM,A,MIN,-5,0,19:44,2,4,0.5,0,0,NA,1,2,0.5,2,0,2,1,1,0,2,3,5,2.5,-2,10
Ryan Hollins,19,12,2016-01-25,31,MEM,H,ORL,6,0,7:04,2,3,0.667,0,0,NA,0,0,NA,1,2,3,0,0,0,0,0,4,4,4,7.8
Ryan Hollins,20,13,2016-01-28,31,MEM,H,MIL,20,0,17:50,2,4,0.5,0,0,NA,1,2,0.5,2,2,4,1,0,1,0,4,5,4.4,2,13.5
Ryan Hollins,21,14,2016-01-30,31,MEM,H,SAC,4,0,9:55,0,0,NA,0,0,NA,3,4,0.75,0,3,3,0,0,2,1,3,3,2.7,-6,10.3
Ryan Hollins,22,15,2016-02-01,31,MEM,A,NOP,15,0,5:11,0,0,NA,0,0,NA,0,0,NA,0,0,0,0,0,0,0,2,0,-0.8,-9,0
Ryan Hollins,23,16,2016-02-05,31,MEM,A,NYK,6,0,16:31,2,2,1,0,0,NA,4,4,1,1,1,2,1,0,1,1,1,8,8.4,2,13.5
Ryan Hollins,24,17,2016-02-06,31,MEM,H,DAL,-4,0,8:56,1,1,1,0,0,NA,2,2,1,0,2,2,0,0,0,0,2,4,3.5,-5,6.5
Ryan Hollins,25,18,2016-02-08,31,MEM,H,POR,-6,0,5:43,0,1,0,0,0,NA,0,0,NA,0,2,2,1,0,0,0,1,0,0.2,2,4
Ryan Hollins,26,19,2016-02-10,31,MEM,A,BRK,19,0,25:22,3,6,0.5,0,0,NA,0,0,NA,3,1,4,1,0,0,2,4,6,2.5,-1,11.5
Ryan Hollins,27,20,2016-03-02,31,MEM,H,SAC,6,0,1:53,0,0,NA,0,0,NA,0,0,NA,0,0,0,0,0,0,1,1,0,-1.4,1,NA
Ryan Hollins,28,21,2016-03-04,31,MEM,H,UTA,6,0,10:58,0,0,NA,0,0,NA,2,2,1,1,0,1,0,0,1,1,1,2,2,14,4.8
Ryan Hollins,29,22,2016-03-06,31,MEM,H,PHO,-9,0,12:16,0,3,0,0,0,NA,2,4,0.5,2,0,2,0,0,1,0,3,2,0,-19,6.5
Ryan Hollins,30,23,2016-03-07,31,MEM,A,CLE,3,1,21:55,2,2,1,0,0,NA,0,0,NA,0,2,2,0,0,1,1,5,4,1.7,-12,8
Ryan Hollins,31,24,2016-03-09,31,MEM,A,BOS,-20,1,24:34,3,5,0.6,0,0,NA,1,2,0.5,2,4,6,0,0,0,1,0,7,5.9,-14,14
Ryan Hollins,32,25,2016-03-11,31,MEM,H,NOP,7,1,12:34,2,3,0.667,0,0,NA,0,2,0,1,1,2,0,0,3,2,2,4,2.2,-9,11.5
Ryan Hollins,33,26,2016-03-12,31,MEM,A,ATL,-12,1,19:51,1,2,0.5,0,0,NA,0,0,NA,1,3,4,1,0,0,2,1,2,0.9,0,7.5
Ryan Hollins,34,27,2016-03-14,31,MEM,A,HOU,-49,1,25:56,4,7,0.571,0,0,NA,2,4,0.5,4,4,8,0,0,0,1,3,10,7.7,-35,19.5
Ryan Hollins,35,28,2016-03-16,31,MEM,H,MIN,-6,1,24:14,6,8,0.75,0,0,NA,0,0,NA,5,0,5,1,1,2,1,2,12,13.6,-10,25.3
Ryan Hollins,36,29,2016-03-17,31,MEM,A,MIL,-10,1,24:58,2,5,0.4,0,0,NA,2,2,1,3,7,10,0,0,0,2,1,6,5.1,4,17.5
Ryan Hollins,37,30,2016-03-19,31,MEM,H,LAC,11,1,13:44,1,1,1,0,0,NA,2,4,0.5,2,1,3,0,1,1,0,1,4,5.9,14,11.8
Ryan Hollins,38,31,2016-03-21,31,MEM,A,PHO,6,1,19:07,4,4,1,0,0,NA,1,1,1,2,1,3,0,0,0,0,3,9,8.3,-2,12.8
Ryan Hollins,39,32,2016-03-22,31,MEM,A,LAL,-7,0,4:18,0,0,NA,0,0,NA,0,0,NA,0,2,2,0,0,0,1,1,0,-0.8,-2,2
Ryan Hollins,40,33,2016-03-25,31,MEM,A,SAS,-6,0,12:21,0,0,NA,0,0,NA,0,0,NA,1,0,1,0,1,0,0,4,0,0.1,-1,3.3
Ryan Hollins,41,34,2016-03-28,31,MEM,H,SAS,-14,0,20:24,2,2,1,0,0,NA,2,6,0.333,2,1,3,1,1,1,1,2,6,6.1,-10,14.8
Ryan Hollins,42,35,2016-03-30,31,MEM,H,DEN,-4,0,4:51,1,1,1,0,0,NA,0,0,NA,0,2,2,0,0,0,0,0,2,2.3,3,4.5
Ryan Hollins,44,36,2016-04-03,31,MEM,A,ORL,-12,0,0:46,0,0,NA,0,0,NA,0,0,NA,0,0,0,0,0,1,0,0,0,0.7,0,2
Ryan Hollins,45,37,2016-04-05,31,MEM,H,CHI,16,0,0:20,0,0,NA,0,0,NA,0,0,NA,0,0,0,0,0,0,0,0,0,0,-2,0
Chris Andersen,54,8,2016-02-19,37,MEM,H,MIN,5,0,11:08,2,2,1,0,0,NA,0,0,NA,1,2,3,0,0,1,1,0,4,4.4,4,9.3
Chris Andersen,55,9,2016-02-21,37,MEM,A,TOR,-13,0,9:14,0,0,NA,0,0,NA,1,2,0.5,0,3,3,1,0,0,0,0,1,2.2,-5,6.3
Chris Andersen,56,10,2016-02-24,37,MEM,H,LAL,9,0,8:08,0,1,0,0,1,0,0,0,NA,0,0,0,1,0,0,0,0,0,0,-7,1.5
Chris Andersen,57,11,2016-02-26,37,MEM,A,LAL,17,0,19:14,1,2,0.5,0,0,NA,0,0,NA,2,1,3,0,1,3,0,3,2,4.6,3,13.8
Chris Andersen,58,12,2016-02-27,37,MEM,A,PHO,-5,0,19:36,1,1,1,0,0,NA,2,4,0.5,2,6,8,0,0,0,0,3,4,4.9,-9,14
Chris Andersen,59,13,2016-02-29,37,MEM,A,DEN,7,1,22:01,2,3,0.667,0,0,NA,3,6,0.5,0,4,4,1,0,0,0,2,7,5.6,8,13.5
Chris Andersen,60,14,2016-03-02,37,MEM,H,SAC,6,1,27:16,2,4,0.5,0,0,NA,6,8,0.75,2,4,6,0,2,1,3,2,10,8.7,2,22
Chris Andersen,61,15,2016-03-04,37,MEM,H,UTA,6,1,26:33,2,2,1,0,0,NA,2,2,1,2,8,10,0,1,1,0,2,6,10.1,-4,22.5
Chris Andersen,62,16,2016-03-06,37,MEM,H,PHO,-9,1,8:40,1,1,1,0,0,NA,0,0,NA,4,1,5,0,0,0,1,0,2,3.8,2,7.8
Chris Andersen,72,17,2016-03-22,37,MEM,A,LAL,-7,1,15:32,4,5,0.8,0,0,NA,0,0,NA,1,2,3,0,0,0,0,0,8,7.4,-4,11.8
Chris Andersen,73,18,2016-03-25,37,MEM,A,SAS,-6,1,36:31,6,10,0.6,1,2,0.5,0,0,NA,3,4,7,2,1,0,0,1,13,13.7,-4,27.3
Chris Andersen,74,19,2016-03-28,37,MEM,H,SAS,-14,1,23:34,1,5,0.2,0,1,0,3,4,0.75,3,2,5,1,2,1,0,2,5,6.8,-4,18.8
Chris Andersen,75,20,2016-03-30,37,MEM,H,DEN,-4,1,17:02,2,4,0.5,0,0,NA,0,0,NA,1,5,6,0,0,2,0,1,4,5.2,-15,15.5
Chris Andersen,76,21,2016-04-01,37,MEM,H,TOR,-4,1,20:02,1,4,0.25,1,1,1,0,0,NA,3,2,5,0,1,1,1,3,3,2.8,-11,13.3
Chris Andersen,77,22,2016-04-03,37,MEM,A,ORL,-12,1,15:59,1,3,0.333,0,1,0,0,0,NA,2,1,3,0,0,0,0,2,2,1.2,-25,5.8
Chris Andersen,78,23,2016-04-05,37,MEM,H,CHI,16,1,22:02,1,1,1,0,0,NA,2,2,1,0,1,1,1,1,0,0,2,4,4.9,12,8.8
Chris Andersen,79,24,2016-04-08,37,MEM,A,DAL,-10,1,21:05,1,3,0.333,0,1,0,1,2,0.5,3,4,7,1,1,0,0,2,3,5.1,9,15.3
Chris Andersen,80,25,2016-04-09,37,MEM,H,GSW,-1,0,13:38,2,4,0.5,0,0,NA,2,2,1,2,2,4,1,2,0,0,0,6,8.7,8,16.5
Chris Andersen,81,26,2016-04-12,37,MEM,A,LAC,-26,1,21:08,4,7,0.571,0,2,0,0,0,NA,2,3,5,0,2,0,1,0,8,8,-11,17.8
Chris Andersen,82,27,2016-04-13,37,MEM,A,GSW,-21,1,8:03,0,0,NA,0,0,NA,0,0,NA,0,1,1,0,0,0,0,0,0,0.3,-2,1.3
