John Wall,1,1,2015-10-28,25,WAS,A,ORL,1,1,39:23,9,18,0.5,2,6,0.333,2,6,0.333,1,6,7,6,3,5,6,3,22,17.4,10,53.8
John Wall,2,2,2015-10-30,25,WAS,A,MIL,5,1,33:53,4,10,0.4,1,4,0.25,10,10,1,0,1,1,10,2,1,5,1,19,18.2,3,40.8
John Wall,3,3,2015-10-31,25,WAS,H,NYK,-7,1,35:45,8,17,0.471,2,4,0.5,7,11,0.636,2,1,3,4,1,2,3,3,25,17.4,-9,40.3
John Wall,4,4,2015-11-04,25,WAS,H,SAS,3,1,35:20,6,16,0.375,1,5,0.2,4,5,0.8,0,2,2,13,4,1,1,3,17,20,14,50.5
John Wall,5,5,2015-11-06,25,WAS,A,BOS,-20,1,28:28,6,17,0.353,0,3,0,1,1,1,2,3,5,8,3,3,8,4,13,6.9,4,39.3
John Wall,6,6,2015-11-07,25,WAS,A,ATL,-15,1,36:16,6,16,0.375,2,6,0.333,5,5,1,1,1,2,11,2,1,7,2,19,13.8,-5,43
John Wall,7,7,2015-11-10,25,WAS,H,OKC,-24,1,25:04,4,13,0.308,0,2,0,1,1,1,0,2,2,5,2,0,0,2,9,6.8,-19,23
John Wall,8,8,2015-11-14,25,WAS,H,ORL,9,1,34:31,5,14,0.357,1,5,0.2,4,6,0.667,0,3,3,11,1,1,4,2,15,11.9,8,39.3
John Wall,9,9,2015-11-17,25,WAS,H,MIL,29,1,31:17,7,10,0.7,2,5,0.4,3,6,0.5,0,6,6,9,0,0,5,1,19,16.3,30,38.5
John Wall,10,10,2015-11-21,25,WAS,A,DET,2,1,27:04,4,11,0.364,0,2,0,0,0,NA,0,2,2,7,2,0,2,3,8,6.2,-20,24
John Wall,11,11,2015-11-24,25,WAS,H,IND,-17,1,30:32,5,9,0.556,3,4,0.75,5,5,1,0,4,4,5,0,0,8,3,18,9.2,-24,28
John Wall,12,12,2015-11-25,25,WAS,A,CHO,-14,1,35:33,6,18,0.333,2,7,0.286,0,0,NA,3,2,5,6,6,0,5,2,14,10.9,-2,39.8
John Wall,13,13,2015-11-27,25,WAS,A,BOS,-33,1,29:16,4,11,0.364,0,2,0,2,3,0.667,1,3,4,6,0,0,3,1,10,5.9,-27,22.5
John Wall,14,14,2015-11-28,25,WAS,H,TOR,-2,1,39:09,6,25,0.24,1,4,0.25,5,8,0.625,1,2,3,5,3,0,3,2,18,5.7,-2,34.3
John Wall,15,15,2015-12-01,25,WAS,A,CLE,12,1,40:56,14,24,0.583,3,5,0.6,4,5,0.8,0,4,4,10,5,0,5,3,35,30.4,18,65.5
John Wall,16,16,2015-12-02,25,WAS,H,LAL,-4,1,36:19,11,19,0.579,3,6,0.5,9,12,0.75,1,6,7,11,2,0,5,1,34,30.7,7,63.8
John Wall,17,17,2015-12-04,25,WAS,H,PHO,3,1,37:02,5,13,0.385,2,4,0.5,5,6,0.833,1,5,6,9,2,0,7,3,17,11.8,-1,39.5
John Wall,18,18,2015-12-06,25,WAS,H,DAL,-12,1,40:08,12,22,0.545,0,3,0,4,4,1,0,4,4,10,5,0,2,2,28,27.8,-5,58.5
John Wall,19,19,2015-12-07,25,WAS,A,MIA,11,1,38:20,9,13,0.692,1,1,1,7,7,1,0,1,1,7,1,0,2,0,26,24.7,17,39.3
John Wall,20,20,2015-12-09,25,WAS,H,HOU,-6,1,39:27,12,24,0.5,0,4,0,2,2,1,2,7,9,12,3,1,4,3,26,24.4,-1,62.8
John Wall,21,21,2015-12-11,25,WAS,A,NOP,-2,1,36:37,10,18,0.556,3,6,0.5,3,5,0.6,0,7,7,12,1,0,5,2,26,22.3,2,55.3
John Wall,22,22,2015-12-12,25,WAS,A,DAL,3,1,38:25,10,19,0.526,3,4,0.75,3,3,1,0,5,5,16,1,2,3,2,26,28,3,63.8
John Wall,23,23,2015-12-14,25,WAS,A,MEM,-17,1,28:28,2,11,0.182,2,7,0.286,0,0,NA,0,2,2,9,0,0,4,0,6,2,-17,21
John Wall,24,24,2015-12-16,25,WAS,A,SAS,-19,1,38:05,6,18,0.333,1,3,0.333,7,8,0.875,1,4,5,11,1,0,5,1,20,14.6,0,44.3
John Wall,25,25,2015-12-19,25,WAS,H,CHO,8,1,41:44,10,21,0.476,2,5,0.4,5,6,0.833,0,4,4,12,3,1,8,1,27,20.8,8,56.5
John Wall,26,26,2015-12-21,25,WAS,H,SAC,14,1,39:20,4,15,0.267,1,3,0.333,3,3,1,0,2,2,19,4,0,5,3,12,14.8,27,50.5
John Wall,27,27,2015-12-23,25,WAS,H,MEM,9,1,37:23,5,18,0.278,2,7,0.286,2,2,1,0,5,5,14,1,1,4,1,14,12,8,45.8
John Wall,28,28,2015-12-26,25,WAS,A,BRK,15,1,34:14,9,17,0.529,2,3,0.667,2,3,0.667,2,2,4,13,1,2,3,1,22,23.4,14,53.5
John Wall,29,29,2015-12-28,25,WAS,H,LAC,-17,1,36:06,10,23,0.435,1,2,0.5,2,3,0.667,4,1,5,11,1,1,6,1,23,16.6,-13,48.8
John Wall,30,30,2015-12-30,25,WAS,A,TOR,-3,1,40:48,8,23,0.348,0,6,0,3,4,0.75,0,7,7,11,5,1,2,3,19,18,-4,56.8
John Wall,31,31,2016-01-01,25,WAS,H,ORL,12,1,38:58,10,19,0.526,0,3,0,4,4,1,1,1,2,13,2,1,5,1,24,22.1,5,51
John Wall,32,32,2016-01-03,25,WAS,H,MIA,-22,1,34:02,6,21,0.286,1,6,0.167,1,2,0.5,0,4,4,5,1,0,0,3,14,5.8,-20,29
John Wall,33,33,2016-01-06,25,WAS,H,CLE,-6,1,40:23,8,19,0.421,4,4,1,0,2,0,0,3,3,12,1,0,7,2,20,11.6,-5,43.8
John Wall,34,34,2016-01-08,25,WAS,H,TOR,-9,1,36:34,8,20,0.4,2,5,0.4,3,3,1,0,2,2,4,0,3,7,1,21,8.3,-3,33
John Wall,35,35,2016-01-09,25,WAS,A,ORL,6,1,35:10,10,17,0.588,3,6,0.5,1,1,1,0,5,5,10,4,0,7,2,24,20.8,7,52.8
John Wall,36,36,2016-01-11,25,WAS,A,CHI,14,1,34:44,7,19,0.368,2,4,0.5,1,1,1,0,5,5,10,3,1,2,3,17,15.5,12,47.8
John Wall,37,37,2016-01-13,25,WAS,H,MIL,5,1,37:28,6,14,0.429,1,3,0.333,6,8,0.75,1,4,5,8,1,1,6,3,19,12.8,-9,38.8
John Wall,38,38,2016-01-15,25,WAS,A,IND,14,1,31:23,12,21,0.571,1,3,0.333,3,5,0.6,2,5,7,8,1,0,3,1,28,23.4,7,49.8
John Wall,39,39,2016-01-16,25,WAS,H,BOS,-2,1,43:56,12,25,0.48,1,2,0.5,11,13,0.846,1,6,7,13,7,1,6,3,36,34.6,-5,79.3
John Wall,40,40,2016-01-18,25,WAS,H,POR,-10,1,35:32,4,17,0.235,1,3,0.333,0,0,NA,0,4,4,10,3,0,3,3,9,5.7,-9,34
John Wall,41,41,2016-01-20,25,WAS,H,MIA,19,1,31:46,7,14,0.5,1,5,0.2,3,3,1,0,4,4,10,0,0,3,5,18,14.2,18,38.5
John Wall,42,42,2016-01-25,25,WAS,H,BOS,-25,1,32:46,3,11,0.273,0,3,0,2,4,0.5,0,2,2,10,1,2,4,2,8,5.9,-16,29.5
John Wall,43,43,2016-01-26,25,WAS,A,TOR,-17,1,35:33,6,17,0.353,1,3,0.333,5,6,0.833,1,1,2,14,0,0,5,2,18,13.1,-3,41
John Wall,44,44,2016-01-28,25,WAS,H,DEN,-4,1,40:58,5,17,0.294,2,7,0.286,5,6,0.833,2,5,7,9,4,2,3,3,17,17.1,0,50.8
John Wall,45,45,2016-01-30,25,WAS,A,HOU,1,1,35:42,7,22,0.318,1,5,0.2,4,5,0.8,0,8,8,13,1,2,4,4,19,14.3,-5,54.5
John Wall,46,46,2016-02-01,25,WAS,A,OKC,-16,1,40:58,7,17,0.412,0,4,0,3,4,0.75,0,4,4,8,2,3,6,1,17,12,-15,41
John Wall,47,47,2016-02-03,25,WAS,H,GSW,-13,1,34:44,17,25,0.68,3,3,1,4,6,0.667,1,2,3,10,2,0,3,4,41,35.2,-1,65.3
John Wall,48,48,2016-02-05,25,WAS,H,PHI,12,1,33:03,7,13,0.538,3,5,0.6,1,2,0.5,0,13,13,10,2,1,3,1,18,21.5,25,59.8
John Wall,49,49,2016-02-06,25,WAS,A,CHO,-4,1,39:38,7,17,0.412,2,4,0.5,7,8,0.875,0,6,6,10,2,0,2,3,23,21.1,-16,51
John Wall,50,50,2016-02-09,25,WAS,A,NYK,3,1,43:11,10,24,0.417,3,5,0.6,5,6,0.833,0,5,5,17,1,0,1,1,28,27.8,8,64.3
John Wall,51,51,2016-02-11,25,WAS,A,MIL,-7,1,41:47,5,19,0.263,3,12,0.25,2,2,1,0,4,4,10,2,2,7,0,15,8.3,-5,42.5
John Wall,52,52,2016-02-18,25,WAS,H,UTA,14,1,34:01,7,17,0.412,2,4,0.5,1,2,0.5,0,6,6,11,4,0,2,1,17,18.6,18,50.5
John Wall,53,53,2016-02-19,25,WAS,H,DET,12,1,34:53,8,17,0.471,2,7,0.286,4,4,1,0,8,8,8,1,1,2,2,22,20.2,24,48
John Wall,54,54,2016-02-20,25,WAS,A,MIA,-20,1,33:21,5,17,0.294,0,3,0,2,2,1,1,3,4,4,0,1,2,1,12,4.8,-21,24
John Wall,55,55,2016-02-23,25,WAS,H,NOP,20,1,31:37,5,17,0.294,3,6,0.5,3,5,0.6,0,12,12,11,2,1,3,3,16,15.1,23,58
John Wall,56,56,2016-02-24,25,WAS,A,CHI,-5,1,31:40,6,15,0.4,1,4,0.25,3,5,0.6,0,4,4,7,3,0,1,3,16,14,-11,37.5
John Wall,57,57,2016-02-26,25,WAS,A,PHI,9,1,38:56,9,19,0.474,0,3,0,5,5,1,2,6,8,11,1,1,4,2,23,21.1,7,53
John Wall,58,58,2016-02-28,25,WAS,H,CLE,14,1,29:22,8,11,0.727,1,3,0.333,4,5,0.8,0,7,7,13,0,0,3,3,21,23.1,23,49.8
John Wall,59,59,2016-02-29,25,WAS,H,PHI,8,1,41:55,13,26,0.5,2,4,0.5,9,12,0.75,1,3,4,7,3,1,2,1,37,30.6,8,60.5
John Wall,60,60,2016-03-02,25,WAS,A,MIN,6,1,37:49,6,18,0.333,0,3,0,2,2,1,1,3,4,12,2,0,5,0,14,10.8,0,40
John Wall,61,61,2016-03-04,25,WAS,A,CLE,-25,1,27:58,8,14,0.571,0,2,0,1,2,0.5,0,8,8,7,0,0,2,2,17,14.5,-21,36.5
John Wall,62,62,2016-03-05,25,WAS,H,IND,-1,1,39:20,9,24,0.375,1,4,0.25,6,8,0.75,0,6,6,12,2,0,7,3,25,15,2,53
John Wall,63,63,2016-03-08,25,WAS,A,POR,-7,1,40:16,8,25,0.32,3,6,0.5,1,4,0.25,1,4,5,11,2,3,1,4,20,15.6,-13,55.3
John Wall,64,64,2016-03-11,25,WAS,A,UTA,-21,1,34:15,9,18,0.5,1,4,0.25,5,6,0.833,0,4,4,9,1,0,4,2,24,18.3,-16,43
John Wall,65,65,2016-03-12,25,WAS,A,DEN,-16,1,40:33,6,15,0.4,1,3,0.333,6,7,0.857,1,4,5,11,0,1,6,0,19,14.8,-18,42.8
John Wall,66,66,2016-03-14,25,WAS,H,DET,43,1,27:47,6,12,0.5,0,1,0,3,3,1,0,5,5,12,1,0,1,2,15,18.1,27,42.3
John Wall,67,67,2016-03-16,25,WAS,H,CHI,21,1,39:03,11,19,0.579,2,3,0.667,5,6,0.833,1,9,10,12,3,1,8,0,29,27.2,38,69
John Wall,68,68,2016-03-17,25,WAS,A,PHI,5,1,36:38,4,17,0.235,0,3,0,8,8,1,1,12,13,14,2,0,9,3,16,11.6,4,57.3
John Wall,69,69,2016-03-19,25,WAS,H,NYK,10,1,39:12,8,17,0.471,2,3,0.667,6,6,1,0,2,2,10,1,1,1,1,24,23.2,19,47.5
John Wall,70,70,2016-03-21,25,WAS,A,ATL,15,1,35:57,10,21,0.476,3,5,0.6,4,5,0.8,0,3,3,14,2,0,4,2,27,23.8,14,56.8
John Wall,71,71,2016-03-23,25,WAS,H,ATL,-21,1,36:55,6,17,0.353,1,2,0.5,0,0,NA,0,3,3,10,2,1,7,2,13,6.3,-7,36.3
John Wall,72,72,2016-03-25,25,WAS,H,MIN,-3,1,48:42,8,22,0.364,3,7,0.429,3,3,1,1,2,3,16,2,0,4,3,22,19.1,1,54.8
John Wall,73,73,2016-03-27,25,WAS,A,LAL,13,1,33:28,9,16,0.563,2,5,0.4,2,2,1,0,5,5,13,1,0,7,2,22,18.2,18,48.8
John Wall,74,74,2016-03-29,25,WAS,A,GSW,-8,1,34:13,4,14,0.286,0,3,0,0,2,0,1,4,5,11,1,4,2,2,8,9.6,-20,39.8
John Wall,75,75,2016-03-30,25,WAS,A,SAC,-9,1,40:10,4,16,0.25,2,5,0.4,4,5,0.8,0,7,7,13,1,1,5,1,14,11.5,3,46.3
John Wall,76,76,2016-04-01,25,WAS,A,PHO,7,1,41:04,9,20,0.45,2,5,0.4,2,2,1,0,8,8,10,2,0,6,4,22,15.4,10,50.5
John Wall,77,77,2016-04-03,25,WAS,A,LAC,-5,1,31:45,5,14,0.357,3,7,0.429,2,2,1,0,2,2,13,1,0,3,3,15,13.7,-5,40.5
J.J. Hickson,56,21,2016-02-28,27,WAS,H,CLE,14,0,5:42,1,1,1,0,0,NA,0,0,NA,1,1,2,0,0,0,1,0,2,1.7,-13,4
J.J. Hickson,57,22,2016-02-29,27,WAS,H,PHI,8,0,5:17,0,1,0,0,1,0,0,0,NA,0,2,2,0,0,0,1,0,0,-1.1,2,2
J.J. Hickson,59,23,2016-03-04,27,WAS,A,CLE,-25,0,6:43,2,2,1,0,0,NA,1,3,0.333,1,1,2,0,0,0,0,1,5,4.2,0,7.5
J.J. Hickson,62,24,2016-03-11,27,WAS,A,UTA,-21,0,7:17,0,1,0,0,0,NA,1,4,0.25,2,1,3,1,1,0,0,1,1,2.1,-8,8.3
J.J. Hickson,63,25,2016-03-12,27,WAS,A,DEN,-16,0,12:02,3,6,0.5,0,0,NA,4,5,0.8,2,2,4,0,0,0,1,2,10,6.8,-4,14.5
J.J. Hickson,64,26,2016-03-14,27,WAS,H,DET,43,0,7:54,2,2,1,0,0,NA,1,2,0.5,0,1,1,1,1,0,1,1,5,4.6,8,9.3
J.J. Hickson,65,27,2016-03-16,27,WAS,H,CHI,21,0,6:13,0,3,0,0,0,NA,2,2,1,0,0,0,1,1,0,0,0,2,1.6,3,5.5
J.J. Hickson,69,28,2016-03-23,27,WAS,H,ATL,-21,0,2:19,0,0,NA,0,0,NA,0,0,NA,0,0,0,1,0,0,0,1,0,0.3,0,1.5
J.J. Hickson,71,29,2016-03-27,27,WAS,A,LAL,13,0,19:35,5,5,1,0,0,NA,4,12,0.333,1,4,5,0,2,0,2,3,14,10,-5,23.3
J.J. Hickson,72,30,2016-03-29,27,WAS,A,GSW,-8,0,5:51,4,6,0.667,0,0,NA,1,2,0.5,2,3,5,0,0,0,0,0,9,8.3,11,15.3
J.J. Hickson,74,31,2016-04-01,27,WAS,A,PHO,7,0,1:47,0,1,0,0,0,NA,0,0,NA,0,0,0,0,0,0,0,0,0,-0.7,1,0
J.J. Hickson,76,32,2016-04-06,27,WAS,H,BRK,18,0,6:24,0,1,0,0,0,NA,0,0,NA,1,2,3,0,0,0,0,1,0,0.2,-7,3.8
J.J. Hickson,78,33,2016-04-10,27,WAS,H,CHO,15,0,0:51,0,0,NA,0,0,NA,0,0,NA,0,0,0,0,0,0,0,0,0,0,1,0
J.J. Hickson,79,34,2016-04-11,27,WAS,A,BRK,9,0,24:04,6,10,0.6,0,0,NA,3,6,0.5,2,4,6,2,0,1,2,1,15,11.5,2,26.5
J.J. Hickson,80,35,2016-04-13,27,WAS,H,ATL,11,0,19:16,2,7,0.286,0,0,NA,2,8,0.25,5,7,12,1,0,1,1,1,6,5.1,-11,24
Kris Humphries,1,1,2015-10-28,30,WAS,A,ORL,1,1,26:00,4,9,0.444,1,3,0.333,2,2,1,2,4,6,0,1,0,3,2,11,6.1,9,19.5
Kris Humphries,2,2,2015-10-30,30,WAS,A,MIL,5,1,14:11,1,4,0.25,1,2,0.5,2,2,1,2,1,3,0,0,0,1,0,5,3.3,-15,8.8
Kris Humphries,3,3,2015-10-31,30,WAS,H,NYK,-7,1,14:34,0,1,0,0,0,NA,2,2,1,0,3,3,3,0,0,0,2,2,3.5,-2,10.3
Kris Humphries,4,4,2015-11-04,30,WAS,H,SAS,3,1,22:40,3,7,0.429,1,4,0.25,0,0,NA,0,6,6,0,0,0,0,2,7,4.3,6,15
Kris Humphries,5,5,2015-11-06,30,WAS,A,BOS,-20,1,20:52,3,5,0.6,3,4,0.75,0,0,NA,2,4,6,0,0,1,0,3,9,8.8,3,20
Kris Humphries,6,6,2015-11-07,30,WAS,A,ATL,-15,1,25:05,3,10,0.3,1,5,0.2,2,2,1,0,6,6,0,0,0,1,3,9,2.8,-15,16.5
Kris Humphries,7,7,2015-11-10,30,WAS,H,OKC,-24,1,17:33,3,6,0.5,1,2,0.5,0,0,NA,1,4,5,3,0,2,0,1,7,9,-13,22.3
Kris Humphries,8,8,2015-11-14,30,WAS,H,ORL,9,1,29:44,9,14,0.643,5,8,0.625,0,0,NA,1,4,5,0,0,2,1,2,23,18.3,7,35.3
Kris Humphries,9,9,2015-11-17,30,WAS,H,MIL,29,1,20:44,2,4,0.5,1,2,0.5,4,4,1,1,3,4,1,0,1,1,1,9,8.6,-5,17.5
Kris Humphries,10,10,2015-11-21,30,WAS,A,DET,2,1,16:48,0,7,0,0,4,0,0,0,NA,2,3,5,0,0,0,1,0,0,-3.6,-10,5.8
Kris Humphries,11,11,2015-11-24,30,WAS,H,IND,-17,1,8:51,0,1,0,0,1,0,0,0,NA,1,0,1,0,0,0,1,0,0,-1,-5,0.8
Kris Humphries,12,12,2015-11-25,30,WAS,A,CHO,-14,1,17:01,2,6,0.333,1,5,0.2,0,0,NA,2,5,7,2,0,1,1,1,5,5.2,3,18.8
Kris Humphries,13,13,2015-11-27,30,WAS,A,BOS,-33,1,12:51,0,5,0,0,1,0,0,0,NA,1,3,4,0,1,1,1,2,0,-2,-16,8.5
Kris Humphries,14,14,2015-11-28,30,WAS,H,TOR,-2,0,14:05,2,3,0.667,0,0,NA,0,0,NA,1,4,5,1,0,1,1,0,4,5,2,13.3
Kris Humphries,15,15,2015-12-01,30,WAS,A,CLE,12,0,9:05,0,3,0,0,1,0,0,0,NA,0,2,2,0,0,0,0,2,0,-2.3,0,2.5
Kris Humphries,16,16,2015-12-02,30,WAS,H,LAL,-4,0,11:07,3,7,0.429,1,2,0.5,2,2,1,2,2,4,1,0,0,0,2,9,7.2,10,16
Kris Humphries,19,17,2015-12-07,30,WAS,A,MIA,11,0,17:28,1,5,0.2,0,1,0,0,0,NA,1,1,2,1,0,0,0,3,2,-0.6,0,6
Kris Humphries,23,18,2015-12-14,30,WAS,A,MEM,-17,0,18:14,2,7,0.286,0,2,0,1,2,0.5,3,2,5,2,0,1,0,2,5,4.5,2,16.3
Kris Humphries,24,19,2015-12-16,30,WAS,A,SAS,-19,1,28:48,4,8,0.5,0,2,0,0,0,NA,3,6,9,1,0,0,2,2,8,5.8,-11,19.8
Kris Humphries,25,20,2015-12-19,30,WAS,H,CHO,8,0,16:20,2,3,0.667,0,0,NA,1,1,1,0,4,4,0,0,0,0,1,5,4.5,-4,10
Kris Humphries,26,21,2015-12-21,30,WAS,H,SAC,14,0,16:54,4,7,0.571,3,3,1,4,4,1,0,1,1,0,0,1,0,2,15,11.9,-6,19.8
Kris Humphries,27,22,2015-12-23,30,WAS,H,MEM,9,0,17:01,2,4,0.5,2,3,0.667,2,2,1,0,3,3,0,0,1,2,0,8,5.6,-2,13.8
Kris Humphries,28,23,2015-12-26,30,WAS,A,BRK,15,0,19:47,4,9,0.444,1,4,0.25,1,2,0.5,0,8,8,1,1,0,0,1,10,8.6,-4,24
Kris Humphries,29,24,2015-12-28,30,WAS,H,LAC,-17,0,9:49,1,4,0.25,0,2,0,2,2,1,0,1,1,0,0,0,2,3,4,-1.3,-7,4.3
Kris Humphries,30,25,2015-12-30,30,WAS,A,TOR,-3,0,11:55,3,6,0.5,0,1,0,0,0,NA,1,2,3,0,0,0,2,2,6,1.5,-6,8.8
Kris Humphries,31,26,2016-01-01,30,WAS,H,ORL,12,0,12:39,4,6,0.667,1,3,0.333,2,2,1,0,3,3,0,0,1,0,2,11,9.2,1,17.3
Kris Humphries,32,27,2016-01-03,30,WAS,H,MIA,-22,0,11:34,2,6,0.333,0,1,0,2,2,1,0,2,2,0,0,1,0,1,6,3.5,-5,10.5
Kris Humphries,50,28,2016-02-09,31,WAS,A,NYK,3,0,3:50,0,1,0,0,1,0,0,0,NA,0,2,2,0,0,0,0,0,0,-0.1,3,2.5
Gary Neal,1,1,2015-10-28,31,WAS,A,ORL,1,0,18:12,3,8,0.375,0,2,0,0,0,NA,0,2,2,0,0,0,0,0,6,2.2,-5,8.5
Gary Neal,2,2,2015-10-30,31,WAS,A,MIL,5,0,21:58,3,9,0.333,1,2,0.5,6,6,1,1,1,2,2,0,0,0,1,13,9.9,8,19
Gary Neal,3,3,2015-10-31,31,WAS,H,NYK,-7,0,15:21,3,7,0.429,0,1,0,0,0,NA,0,0,0,1,0,0,2,1,6,0.6,-1,6.5
Gary Neal,4,4,2015-11-04,31,WAS,H,SAS,3,0,15:54,4,6,0.667,1,1,1,0,0,NA,0,0,0,0,0,0,0,1,9,6,-10,9.5
Gary Neal,5,5,2015-11-06,31,WAS,A,BOS,-20,0,16:36,1,4,0.25,0,1,0,0,0,NA,0,1,1,0,0,0,2,2,2,-2.9,-24,2.3
Gary Neal,6,6,2015-11-07,31,WAS,A,ATL,-15,0,17:39,3,7,0.429,2,4,0.5,0,0,NA,0,1,1,3,2,0,1,1,8,7.3,-10,18.3
Gary Neal,7,7,2015-11-10,31,WAS,H,OKC,-24,1,25:46,6,15,0.4,0,4,0,2,2,1,0,1,1,1,1,0,1,0,14,6.9,-12,18.3
Gary Neal,8,8,2015-11-14,31,WAS,H,ORL,9,0,16:50,3,5,0.6,1,2,0.5,0,0,NA,0,2,2,2,0,0,1,3,7,4.5,3,12.5
Gary Neal,9,9,2015-11-17,31,WAS,H,MIL,29,0,24:00,4,6,0.667,2,2,1,0,0,NA,0,3,3,0,2,0,0,1,10,9.9,9,18.8
Gary Neal,10,10,2015-11-21,31,WAS,A,DET,2,0,14:49,1,4,0.25,0,2,0,0,0,NA,0,4,4,1,0,0,0,0,2,1.5,2,8.5
Gary Neal,11,11,2015-11-24,31,WAS,H,IND,-17,0,28:53,8,14,0.571,5,8,0.625,2,2,1,1,2,3,0,1,0,3,1,23,15.3,-10,29.8
Gary Neal,12,12,2015-11-25,31,WAS,A,CHO,-14,0,27:48,7,13,0.538,2,3,0.667,2,2,1,0,3,3,1,1,0,0,3,18,13.1,-15,26.3
Gary Neal,13,13,2015-11-27,31,WAS,A,BOS,-33,0,18:10,2,7,0.286,0,0,NA,1,1,1,0,2,2,0,0,0,1,0,5,0.5,-16,7
Gary Neal,16,14,2015-12-02,31,WAS,H,LAL,-4,0,12:34,2,4,0.5,0,0,NA,3,3,1,0,3,3,0,0,0,2,0,7,3.9,-4,9.8
Gary Neal,17,15,2015-12-04,31,WAS,H,PHO,3,0,20:28,4,7,0.571,2,3,0.667,2,2,1,1,5,6,1,0,0,2,2,12,8.8,-1,21
Gary Neal,18,16,2015-12-06,31,WAS,H,DAL,-12,0,34:05,8,14,0.571,2,7,0.286,0,1,0,1,2,3,3,0,0,0,1,18,14,-1,27.3
Gary Neal,19,17,2015-12-07,31,WAS,A,MIA,11,0,36:22,9,12,0.75,3,4,0.75,0,0,NA,1,1,2,4,2,0,1,4,21,19.4,17,34.5
Gary Neal,20,18,2015-12-09,31,WAS,H,HOU,-6,0,26:24,2,11,0.182,1,6,0.167,2,2,1,0,2,2,0,0,0,1,0,7,-0.3,-16,9.5
Gary Neal,21,19,2015-12-11,31,WAS,A,NOP,-2,0,26:14,5,10,0.5,3,4,0.75,2,2,1,1,3,4,2,0,0,0,2,15,12.2,-3,24.5
Gary Neal,22,20,2015-12-12,31,WAS,A,DAL,3,0,21:45,3,9,0.333,1,4,0.25,1,1,1,0,0,0,0,0,0,1,1,8,1.5,-7,8
Gary Neal,23,21,2015-12-14,31,WAS,A,MEM,-17,0,30:57,9,14,0.643,3,4,0.75,3,5,0.6,1,1,2,0,1,0,0,1,24,18.6,-5,30
Gary Neal,24,22,2015-12-16,31,WAS,A,SAS,-19,1,22:04,3,10,0.3,0,0,NA,2,2,1,1,2,3,2,0,0,0,3,8,3.7,-22,14.8
Gary Neal,25,23,2015-12-19,31,WAS,H,CHO,8,0,22:00,1,7,0.143,0,4,0,2,2,1,0,0,0,5,2,0,1,1,4,3.6,9,15
Gary Neal,27,24,2015-12-23,31,WAS,H,MEM,9,0,16:05,1,2,0.5,0,0,NA,3,5,0.6,0,0,0,2,0,0,2,2,5,1.8,-4,7
Gary Neal,33,25,2016-01-06,31,WAS,H,CLE,-6,0,20:45,5,8,0.625,1,3,0.333,2,3,0.667,0,1,1,1,0,0,0,1,13,9.6,-16,16.3
Gary Neal,34,26,2016-01-08,31,WAS,H,TOR,-9,0,14:59,1,9,0.111,0,4,0,0,0,NA,1,2,3,0,2,0,0,1,2,-1,-5,9.8
Gary Neal,35,27,2016-01-09,31,WAS,A,ORL,6,0,22:06,7,13,0.538,2,2,1,0,0,NA,0,1,1,3,0,1,1,2,16,11,-2,24.3
Gary Neal,36,28,2016-01-11,31,WAS,A,CHI,14,0,14:59,4,9,0.444,1,1,1,2,2,1,2,0,2,3,2,0,2,2,11,9,1,21.5
Gary Neal,37,29,2016-01-13,31,WAS,H,MIL,5,0,6:28,1,1,1,1,1,1,0,0,NA,0,1,1,1,1,0,0,0,3,4.7,5,8.3
Gary Neal,38,30,2016-01-15,31,WAS,A,IND,14,0,23:35,5,10,0.5,2,3,0.667,0,0,NA,0,4,4,3,0,0,1,2,12,8.5,1,22
Gary Neal,39,31,2016-01-16,31,WAS,H,BOS,-2,0,25:00,2,9,0.222,0,4,0,6,7,0.857,0,3,3,0,1,0,0,2,10,5.2,4,15.8
Gary Neal,40,32,2016-01-18,31,WAS,H,POR,-10,0,22:10,5,9,0.556,0,0,NA,1,1,1,0,4,4,1,0,0,1,1,11,7.2,1,17
Gary Neal,41,33,2016-01-20,31,WAS,H,MIA,19,0,22:18,3,6,0.5,1,1,1,0,0,NA,0,2,2,0,0,0,1,1,7,3.2,4,9.5
Gary Neal,42,34,2016-01-25,31,WAS,H,BOS,-25,0,11:46,3,5,0.6,1,2,0.5,0,0,NA,0,2,2,2,0,0,1,4,7,4.1,-12,12.5
Gary Neal,43,35,2016-01-26,31,WAS,A,TOR,-17,0,21:33,6,12,0.5,0,2,0,2,2,1,0,2,2,0,0,0,0,4,14,7,-20,16.5
Gary Neal,45,36,2016-01-30,31,WAS,A,HOU,1,0,16:26,5,5,1,2,2,1,0,0,NA,0,1,1,0,0,0,0,0,12,10.8,-3,14.3
Gary Neal,46,37,2016-02-01,31,WAS,A,OKC,-16,0,5:18,0,1,0,0,0,NA,0,0,NA,0,1,1,0,0,0,0,1,0,-0.8,-1,1.3
Gary Neal,47,38,2016-02-03,31,WAS,H,GSW,-13,0,18:08,3,6,0.5,1,2,0.5,0,0,NA,0,5,5,1,0,0,1,2,7,4.4,2,14.8
Gary Neal,48,39,2016-02-05,31,WAS,H,PHI,12,0,15:39,5,10,0.5,0,2,0,1,2,0.5,0,2,2,2,2,0,0,1,11,9.2,-7,20.5
Gary Neal,49,40,2016-02-06,31,WAS,A,CHO,-4,0,15:23,1,7,0.143,0,3,0,0,0,NA,0,0,0,0,0,0,0,0,2,-2.5,4,2
Marcus Thornton,60,48,2016-03-11,28,WAS,A,UTA,-21,0,19:43,1,9,0.111,0,3,0,0,0,NA,0,0,0,1,1,0,0,2,2,-3,-19,5.5
Marcus Thornton,61,49,2016-03-12,28,WAS,A,DEN,-16,0,19:27,3,8,0.375,2,6,0.333,0,0,NA,0,2,2,1,1,0,1,2,8,4.1,-18,14.5
Marcus Thornton,62,50,2016-03-14,28,WAS,H,DET,43,0,5:58,2,3,0.667,1,1,1,0,0,NA,1,0,1,1,0,0,0,1,5,4.7,6,8.3
Marcus Thornton,63,51,2016-03-16,28,WAS,H,CHI,21,0,6:33,1,1,1,1,1,1,0,0,NA,0,1,1,0,0,1,0,0,3,3.7,10,6.8
Marcus Thornton,64,52,2016-03-17,28,WAS,A,PHI,5,0,21:42,7,16,0.438,2,8,0.25,2,3,0.667,0,5,5,0,1,0,3,3,18,7.5,6,25.8
Marcus Thornton,67,53,2016-03-23,28,WAS,H,ATL,-21,0,23:17,8,16,0.5,5,10,0.5,2,2,1,1,1,2,1,1,0,0,1,23,17.3,-11,31.5
Marcus Thornton,68,54,2016-03-25,28,WAS,H,MIN,-3,0,13:43,1,3,0.333,0,2,0,1,2,0.5,0,1,1,1,2,0,0,0,3,3.9,13,9.8
Marcus Thornton,69,55,2016-03-27,28,WAS,A,LAL,13,0,10:06,1,6,0.167,1,3,0.333,1,2,0.5,1,1,2,1,3,0,2,1,4,2.1,6,13.5
Marcus Thornton,70,56,2016-03-29,28,WAS,A,GSW,-8,0,9:42,0,3,0,0,3,0,0,0,NA,0,3,3,4,0,0,0,1,0,1.2,4,9.8
Marcus Thornton,72,57,2016-04-01,28,WAS,A,PHO,7,0,0:31,0,0,NA,0,0,NA,0,0,NA,0,0,0,0,0,0,0,0,0,0,0,0
Marcus Thornton,73,58,2016-04-03,28,WAS,A,LAC,-5,0,4:24,1,2,0.5,1,2,0.5,0,0,NA,0,0,0,0,0,0,0,2,3,1.2,-4,3.5
Marcus Thornton,76,59,2016-04-10,28,WAS,H,CHO,15,0,30:56,4,11,0.364,2,5,0.4,6,8,0.75,1,4,5,4,1,0,2,2,16,12,5,30.3
Marcus Thornton,77,60,2016-04-11,28,WAS,A,BRK,9,1,31:39,7,15,0.467,2,6,0.333,3,3,1,3,5,8,2,2,0,2,1,19,15.9,7,36
Marcus Thornton,78,61,2016-04-13,28,WAS,H,ATL,11,1,25:51,6,14,0.429,1,4,0.25,1,1,1,0,5,5,3,1,0,1,1,14,9.8,16,26.8
Alan Anderson,56,1,2016-02-24,33,WAS,A,CHI,-5,0,16:28,3,4,0.75,2,3,0.667,1,1,1,0,3,3,1,0,0,1,2,9,7.2,11,14.8
Alan Anderson,57,2,2016-02-26,33,WAS,A,PHI,9,0,15:48,1,3,0.333,1,2,0.5,2,2,1,1,1,2,0,0,1,0,2,5,4.2,5,10
Alan Anderson,58,3,2016-02-28,33,WAS,H,CLE,14,0,15:21,1,5,0.2,1,4,0.25,2,3,0.667,0,3,3,2,1,0,0,1,5,4.4,6,14.3
Alan Anderson,60,4,2016-03-02,33,WAS,A,MIN,6,0,20:35,6,9,0.667,4,7,0.571,2,2,1,0,2,2,0,1,0,0,4,18,14.1,23,24.5
Alan Anderson,62,5,2016-03-05,33,WAS,H,IND,-1,0,23:32,3,6,0.5,1,2,0.5,2,2,1,0,3,3,4,0,0,0,4,9,8.1,9,19.3
Alan Anderson,63,6,2016-03-08,33,WAS,A,POR,-7,0,1:11,0,0,NA,0,0,NA,0,0,NA,0,0,0,0,0,0,0,0,0,0,-4,0
Alan Anderson,64,7,2016-03-11,33,WAS,A,UTA,-21,0,15:31,1,7,0.143,1,4,0.25,0,0,NA,0,1,1,1,0,0,0,3,3,-1.7,-4,6.3
Alan Anderson,66,8,2016-03-14,33,WAS,H,DET,43,0,3:31,1,1,1,1,1,1,0,1,0,0,2,2,0,0,0,1,0,3,1.9,3,5.5
Alan Anderson,69,9,2016-03-19,33,WAS,H,NYK,10,0,18:17,1,6,0.167,0,5,0,0,0,NA,0,3,3,1,0,0,0,1,2,-0.6,-6,7.3
Alan Anderson,79,10,2016-04-08,33,WAS,A,DET,-13,0,19:09,0,3,0,0,3,0,0,0,NA,0,1,1,1,1,0,0,1,0,-0.5,3,4.8
Alan Anderson,80,11,2016-04-10,33,WAS,H,CHO,15,0,12:50,1,3,0.333,0,1,0,2,4,0.5,0,3,3,0,0,0,0,1,4,2,-1,7.8
Alan Anderson,81,12,2016-04-11,33,WAS,A,BRK,9,0,17:46,2,8,0.25,0,2,0,0,0,NA,0,0,0,3,0,0,0,2,4,0.5,1,8.5
Alan Anderson,82,13,2016-04-13,33,WAS,H,ATL,11,0,12:12,1,4,0.25,1,3,0.333,0,0,NA,0,4,4,1,1,0,0,4,3,1.9,-16,12
Nene Hilario,1,1,2015-10-28,33,WAS,A,ORL,1,0,12:21,0,6,0,0,0,NA,1,2,0.5,1,1,2,1,1,0,1,2,1,-2.7,-13,6.5
Nene Hilario,2,2,2015-10-30,33,WAS,A,MIL,5,0,21:31,3,3,1,0,0,NA,3,6,0.5,1,7,8,4,0,0,1,2,9,10.7,17,24.5
Nene Hilario,3,3,2015-10-31,33,WAS,H,NYK,-7,0,18:06,3,4,0.75,0,0,NA,2,2,1,0,2,2,1,1,0,0,6,8,6.3,3,14
Nene Hilario,4,4,2015-11-04,33,WAS,H,SAS,3,0,19:57,3,5,0.6,0,0,NA,0,3,0,0,3,3,2,0,0,2,4,6,1.2,-1,11.8
Nene Hilario,5,5,2015-11-06,33,WAS,A,BOS,-20,0,14:43,1,4,0.25,0,0,NA,3,4,0.75,2,2,4,0,0,0,2,1,5,1.8,-20,9
Nene Hilario,6,6,2015-11-07,33,WAS,A,ATL,-15,0,21:47,5,6,0.833,0,0,NA,0,1,0,1,9,10,3,3,0,1,4,10,13.3,5,34
Nene Hilario,8,7,2015-11-14,33,WAS,H,ORL,9,0,20:11,4,8,0.5,0,0,NA,1,2,0.5,1,5,6,3,0,1,1,3,9,7.4,3,22.5
Nene Hilario,9,8,2015-11-17,33,WAS,H,MIL,29,0,16:23,2,6,0.333,0,1,0,4,6,0.667,1,5,6,2,0,0,0,4,8,5.8,7,18.5
Nene Hilario,10,9,2015-11-21,33,WAS,A,DET,2,0,22:18,9,10,0.9,0,0,NA,0,0,NA,0,7,7,2,2,0,2,5,18,16.1,24,32.8
Nene Hilario,11,10,2015-11-24,33,WAS,H,IND,-17,0,22:37,3,3,1,0,0,NA,5,8,0.625,0,7,7,4,0,0,0,1,11,13.4,2,25.8
Nene Hilario,12,11,2015-11-25,33,WAS,A,CHO,-14,0,17:07,2,7,0.286,0,0,NA,2,4,0.5,0,3,3,0,1,0,1,4,6,0.4,-4,11.3
Nene Hilario,13,12,2015-11-27,33,WAS,A,BOS,-33,0,1:44,0,1,0,0,0,NA,0,0,NA,0,1,1,0,0,0,1,1,0,-1.8,-3,0.8
Nene Hilario,33,13,2016-01-06,33,WAS,H,CLE,-6,0,11:48,3,4,0.75,0,0,NA,1,4,0.25,0,4,4,1,1,0,1,2,7,5.3,0,15
Nene Hilario,34,14,2016-01-08,33,WAS,H,TOR,-9,0,12:30,2,5,0.4,0,0,NA,0,0,NA,0,2,2,0,1,1,2,2,4,0.8,-10,9.5
Nene Hilario,36,15,2016-01-11,33,WAS,A,CHI,14,1,19:35,7,11,0.636,0,0,NA,0,0,NA,0,2,2,2,1,1,1,1,14,11.4,8,23
Nene Hilario,37,16,2016-01-13,33,WAS,H,MIL,5,1,24:49,5,7,0.714,0,0,NA,2,3,0.667,0,2,2,3,3,2,3,5,12,10.8,15,27.5
Nene Hilario,38,17,2016-01-15,33,WAS,A,IND,14,1,21:02,4,9,0.444,0,0,NA,0,0,NA,6,2,8,2,1,1,4,5,8,5.2,14,23
Nene Hilario,39,18,2016-01-16,33,WAS,H,BOS,-2,0,11:32,2,4,0.5,0,0,NA,3,4,0.75,0,3,3,2,1,1,0,4,7,7,3,17.8
Nene Hilario,40,19,2016-01-18,33,WAS,H,POR,-10,0,17:22,4,6,0.667,0,0,NA,0,0,NA,0,3,3,1,1,1,2,2,8,5.9,-14,16.3
Nene Hilario,41,20,2016-01-20,33,WAS,H,MIA,19,1,25:37,8,15,0.533,0,0,NA,0,0,NA,2,4,6,1,5,0,2,3,16,13.8,1,34
Nene Hilario,42,21,2016-01-25,33,WAS,H,BOS,-25,1,24:56,3,9,0.333,0,0,NA,2,6,0.333,1,4,5,2,2,0,2,1,8,4.2,4,20.3
Nene Hilario,43,22,2016-01-26,33,WAS,A,TOR,-17,1,26:00,4,9,0.444,0,0,NA,2,4,0.5,1,1,2,0,1,1,0,3,10,6,-16,16.5
Nene Hilario,44,23,2016-01-28,33,WAS,H,DEN,-4,1,29:12,6,9,0.667,0,0,NA,3,4,0.75,4,3,7,0,0,2,0,5,15,13.8,-4,27.8
Nene Hilario,45,24,2016-01-30,33,WAS,A,HOU,1,0,18:53,4,4,1,0,0,NA,2,5,0.4,0,2,2,2,1,1,1,3,10,9.1,6,19
Nene Hilario,46,25,2016-02-01,33,WAS,A,OKC,-16,0,16:34,2,6,0.333,0,0,NA,1,1,1,0,2,2,0,0,0,2,2,5,-0.6,-2,6.5
Nene Hilario,47,26,2016-02-03,33,WAS,H,GSW,-13,0,18:52,3,7,0.429,0,0,NA,6,10,0.6,1,6,7,0,1,1,1,2,12,9.1,-13,24.3
Nene Hilario,50,27,2016-02-09,33,WAS,A,NYK,3,0,16:35,1,5,0.2,0,0,NA,2,2,1,1,1,2,0,0,1,1,2,4,0.8,1,8
Nene Hilario,51,28,2016-02-11,33,WAS,A,MIL,-7,0,23:25,4,8,0.5,0,0,NA,6,6,1,1,5,6,2,0,0,0,5,14,11.6,-18,24.5
Nene Hilario,52,29,2016-02-18,33,WAS,H,UTA,14,1,24:43,7,11,0.636,0,0,NA,2,2,1,1,4,5,4,1,0,1,4,16,14.2,11,29.8
Nene Hilario,53,30,2016-02-19,33,WAS,H,DET,12,0,16:30,2,5,0.4,0,0,NA,0,2,0,1,4,5,1,1,0,1,1,4,2.7,-5,13.3
Nene Hilario,54,31,2016-02-20,33,WAS,A,MIA,-20,0,12:42,2,3,0.667,0,0,NA,0,0,NA,0,2,2,1,0,0,0,1,4,3.6,-10,8
Nene Hilario,55,32,2016-02-23,33,WAS,H,NOP,20,0,15:30,4,7,0.571,0,0,NA,0,0,NA,0,9,9,1,1,0,2,3,8,5.9,-1,21.8
Nene Hilario,56,33,2016-02-24,33,WAS,A,CHI,-5,0,20:39,2,5,0.4,0,0,NA,2,2,1,2,3,5,2,3,2,0,2,6,10.6,7,25.3
Nene Hilario,57,34,2016-02-26,33,WAS,A,PHI,9,0,21:43,2,6,0.333,0,0,NA,5,6,0.833,1,7,8,3,0,1,2,2,9,8,17,24.5
Nene Hilario,58,35,2016-02-28,33,WAS,H,CLE,14,0,16:49,2,4,0.5,0,0,NA,1,3,0.333,0,4,4,0,0,0,3,3,5,-0.8,3,8.5
Nene Hilario,60,36,2016-03-02,33,WAS,A,MIN,6,0,23:49,4,6,0.667,0,0,NA,0,2,0,1,4,5,3,0,1,1,1,8,7.9,12,20.3
Nene Hilario,61,37,2016-03-04,33,WAS,A,CLE,-25,0,16:18,2,6,0.333,0,0,NA,2,2,1,1,3,4,2,0,0,1,1,6,4.2,-7,13.5
Nene Hilario,62,38,2016-03-05,33,WAS,H,IND,-1,0,14:38,4,5,0.8,0,0,NA,2,6,0.333,0,0,0,0,1,0,0,1,10,7.1,-6,12
Nene Hilario,63,39,2016-03-08,33,WAS,A,POR,-7,0,19:49,4,12,0.333,0,0,NA,2,4,0.5,1,2,3,4,1,0,1,3,10,5.3,-6,21.3
Nene Hilario,64,40,2016-03-11,33,WAS,A,UTA,-21,0,18:59,4,5,0.8,0,0,NA,4,4,1,1,2,3,1,2,0,1,4,12,11.5,-4,20.8
Nene Hilario,65,41,2016-03-12,33,WAS,A,DEN,-16,0,25:27,2,7,0.286,0,0,NA,1,4,0.25,1,2,3,2,4,1,2,3,5,3.9,-11,20.8
Nene Hilario,66,42,2016-03-14,33,WAS,H,DET,43,0,15:25,8,9,0.889,0,0,NA,4,4,1,0,3,3,3,1,0,1,4,20,18.3,7,29.8
Nene Hilario,67,43,2016-03-16,33,WAS,H,CHI,21,1,23:28,4,7,0.571,0,0,NA,4,8,0.5,0,4,4,1,1,1,2,2,12,7.9,23,21.5
Nene Hilario,68,44,2016-03-17,33,WAS,A,PHI,5,0,13:58,1,5,0.2,0,0,NA,1,4,0.25,4,7,11,1,0,0,1,0,3,3.3,2,17.8
Nene Hilario,69,45,2016-03-19,33,WAS,H,NYK,10,0,14:58,2,2,1,0,0,NA,3,6,0.5,1,2,3,2,2,0,1,3,7,7.7,-13,17.3
Nene Hilario,70,46,2016-03-21,33,WAS,A,ATL,15,0,18:12,3,6,0.5,0,0,NA,0,2,0,0,4,4,3,0,0,0,1,6,5.1,-4,15.5
Nene Hilario,71,47,2016-03-23,33,WAS,H,ATL,-21,0,12:34,1,5,0.2,0,0,NA,0,0,NA,0,3,3,1,1,0,0,2,2,0.7,-19,9.3
Nene Hilario,72,48,2016-03-25,33,WAS,H,MIN,-3,0,32:27,8,12,0.667,0,1,0,3,4,0.75,0,3,3,4,1,1,1,4,19,16.2,-9,32.3
Nene Hilario,73,49,2016-03-27,33,WAS,A,LAL,13,1,30:14,4,8,0.5,0,1,0,2,2,1,0,3,3,2,2,0,2,2,10,7.5,12,19.8
Nene Hilario,74,50,2016-03-29,33,WAS,A,GSW,-8,0,17:32,4,8,0.5,0,0,NA,2,6,0.333,0,1,1,0,0,0,5,1,10,-0.7,-5,8.8
Nene Hilario,75,51,2016-03-30,33,WAS,A,SAC,-9,0,21:29,7,8,0.875,0,0,NA,1,1,1,0,6,6,2,0,0,2,4,15,11.8,0,24.5
Nene Hilario,76,52,2016-04-01,33,WAS,A,PHO,7,0,17:07,3,5,0.6,0,0,NA,0,2,0,1,6,7,2,0,1,2,5,6,3.5,-1,18.8
Nene Hilario,77,53,2016-04-03,33,WAS,A,LAC,-5,0,19:02,5,9,0.556,0,0,NA,0,2,0,2,7,9,0,0,0,2,3,10,5.2,-7,20.3
Nene Hilario,78,54,2016-04-06,33,WAS,H,BRK,18,0,16:11,5,8,0.625,0,0,NA,3,4,0.75,5,2,7,2,1,2,2,2,13,14.1,16,29.8
Nene Hilario,79,55,2016-04-08,33,WAS,A,DET,-13,0,21:14,5,9,0.556,0,0,NA,3,4,0.75,2,2,4,2,1,0,1,4,13,10.1,2,22.5
Nene Hilario,80,56,2016-04-10,33,WAS,H,CHO,15,0,16:18,3,8,0.375,0,0,NA,6,7,0.857,0,5,5,0,0,2,2,3,12,6.9,11,21.3
Nene Hilario,82,57,2016-04-13,33,WAS,H,ATL,11,1,28:44,8,12,0.667,0,0,NA,3,5,0.6,3,5,8,8,3,0,3,3,19,21,22,45.5
Bradley Beal,1,1,2015-10-28,22,WAS,A,ORL,1,1,37:36,9,19,0.474,2,8,0.25,4,7,0.571,3,3,6,0,0,1,4,2,24,12,4,32.5
Bradley Beal,2,2,2015-10-30,22,WAS,A,MIL,5,1,29:43,9,16,0.563,5,6,0.833,3,4,0.75,1,2,3,3,0,0,5,5,26,14.4,9,34.3
Bradley Beal,3,3,2015-10-31,22,WAS,H,NYK,-7,1,37:12,9,23,0.391,3,6,0.5,5,5,1,0,4,4,0,2,0,1,4,26,14.1,-9,36
Bradley Beal,4,4,2015-11-04,22,WAS,H,SAS,3,1,36:16,11,22,0.5,3,8,0.375,0,0,NA,2,3,5,4,3,0,1,3,25,19.9,10,44.3
Bradley Beal,5,5,2015-11-06,22,WAS,A,BOS,-20,1,30:36,9,15,0.6,3,4,0.75,3,3,1,0,5,5,2,1,1,2,1,24,19.3,-7,37.8
Bradley Beal,6,6,2015-11-07,22,WAS,A,ATL,-15,1,36:56,5,12,0.417,0,2,0,1,1,1,3,3,6,7,0,0,8,4,11,2.9,-15,25
Bradley Beal,10,7,2015-11-21,22,WAS,A,DET,2,1,28:21,3,8,0.375,0,0,NA,1,3,0.333,0,1,1,0,1,0,0,0,7,3.1,-20,10.3
Bradley Beal,11,8,2015-11-24,22,WAS,H,IND,-17,1,34:39,9,22,0.409,2,8,0.25,0,1,0,0,4,4,3,2,0,1,0,20,12.1,-19,34
Bradley Beal,12,9,2015-11-25,22,WAS,A,CHO,-14,1,37:46,6,16,0.375,3,8,0.375,2,2,1,0,4,4,2,0,1,2,1,17,9.1,-11,27.5
Bradley Beal,13,10,2015-11-27,22,WAS,A,BOS,-33,1,33:21,7,14,0.5,1,2,0.5,1,1,1,1,2,3,2,1,1,4,3,16,8.2,-18,25.3
Bradley Beal,14,11,2015-11-28,22,WAS,H,TOR,-2,1,40:44,5,9,0.556,2,4,0.5,8,8,1,1,5,6,6,3,0,4,3,20,19.9,4,41.5
Bradley Beal,15,12,2015-12-01,22,WAS,A,CLE,12,1,41:30,6,19,0.316,1,10,0.1,5,7,0.714,1,8,9,6,1,0,1,2,18,12.8,12,40.3
Bradley Beal,16,13,2015-12-02,22,WAS,H,LAL,-4,1,37:43,4,12,0.333,1,4,0.25,2,2,1,0,2,2,6,2,1,5,3,11,5.5,-7,26.5
Bradley Beal,17,14,2015-12-04,22,WAS,H,PHO,3,1,38:15,12,23,0.522,5,8,0.625,5,6,0.833,2,6,8,5,2,0,2,3,34,27.8,-4,57
Bradley Beal,18,15,2015-12-06,22,WAS,H,DAL,-12,1,40:40,7,19,0.368,4,6,0.667,3,6,0.5,1,4,5,3,0,0,2,3,21,10.1,-14,32.8
Bradley Beal,19,16,2015-12-07,22,WAS,A,MIA,11,1,39:38,10,24,0.417,1,4,0.25,0,0,NA,0,3,3,4,1,0,2,2,21,10.1,6,32.3
Bradley Beal,20,17,2015-12-09,22,WAS,H,HOU,-6,1,39:13,5,15,0.333,1,7,0.143,4,6,0.667,1,5,6,2,0,1,7,3,15,1.8,-2,24.5
Bradley Beal,37,18,2016-01-13,22,WAS,H,MIL,5,0,22:49,3,8,0.375,1,2,0.5,4,4,1,0,3,3,3,1,0,1,2,11,8.8,-8,21.3
Bradley Beal,38,19,2016-01-15,22,WAS,A,IND,14,0,21:58,9,15,0.6,4,7,0.571,0,1,0,2,3,5,1,0,0,2,3,22,14.5,11,30.8
Bradley Beal,40,20,2016-01-18,22,WAS,H,POR,-10,0,24:26,4,8,0.5,3,5,0.6,5,6,0.833,0,1,1,5,1,0,0,1,16,16,-3,28.3
Bradley Beal,41,21,2016-01-20,22,WAS,H,MIA,19,0,25:28,7,13,0.538,1,3,0.333,3,4,0.75,3,0,3,2,1,0,0,2,18,15,14,27.3
Bradley Beal,42,22,2016-01-25,22,WAS,H,BOS,-25,0,9:20,2,6,0.333,0,3,0,0,0,NA,0,1,1,1,1,0,3,2,4,-1.2,-2,7.3
Bradley Beal,44,23,2016-01-28,22,WAS,H,DEN,-4,0,25:36,7,14,0.5,1,2,0.5,2,3,0.667,0,1,1,2,1,0,4,4,17,6.7,2,21.8
Bradley Beal,45,24,2016-01-30,22,WAS,A,HOU,1,0,29:31,4,9,0.444,1,5,0.2,2,2,1,0,3,3,4,0,0,2,2,11,7.2,-5,20.3
Bradley Beal,46,25,2016-02-01,22,WAS,A,OKC,-16,0,25:57,7,15,0.467,3,7,0.429,1,1,1,0,3,3,1,0,0,0,3,18,10.7,-7,24.8
Bradley Beal,47,26,2016-02-03,22,WAS,H,GSW,-13,0,28:55,8,17,0.471,1,7,0.143,1,1,1,0,1,1,2,2,1,0,3,18,12.5,-10,28.8
Bradley Beal,48,27,2016-02-05,22,WAS,H,PHI,12,1,31:53,10,16,0.625,0,2,0,2,2,1,2,1,3,2,1,0,1,0,22,17.9,17,30.3
Bradley Beal,49,28,2016-02-06,22,WAS,A,CHO,-4,0,20:09,8,13,0.615,3,4,0.75,3,4,0.75,0,2,2,3,0,0,1,4,22,15.8,13,30
Bradley Beal,50,29,2016-02-09,22,WAS,A,NYK,3,1,31:57,8,14,0.571,5,8,0.625,5,9,0.556,0,3,3,2,4,1,2,0,26,22.8,16,44.3
Bradley Beal,51,30,2016-02-11,22,WAS,A,MIL,-7,1,36:35,6,15,0.4,2,6,0.333,5,5,1,0,3,3,5,0,1,2,2,19,13.2,-4,32.3
Bradley Beal,52,31,2016-02-18,22,WAS,H,UTA,14,0,23:44,7,14,0.5,2,4,0.5,0,0,NA,0,3,3,3,0,1,1,0,16,11.7,2,26.8
Bradley Beal,53,32,2016-02-19,22,WAS,H,DET,12,0,26:12,7,10,0.7,2,4,0.5,1,3,0.333,0,1,1,3,1,0,1,3,17,13.2,6,25.3
Bradley Beal,54,33,2016-02-20,22,WAS,A,MIA,-20,0,29:14,8,20,0.4,2,8,0.25,1,4,0.25,0,3,3,1,0,0,1,4,19,6,-5,24.8
Bradley Beal,55,34,2016-02-23,22,WAS,H,NOP,20,0,25:20,3,10,0.3,1,1,1,2,2,1,0,0,0,5,0,0,1,2,9,4.9,4,16.5
Bradley Beal,56,35,2016-02-24,22,WAS,A,CHI,-5,0,34:23,7,19,0.368,0,6,0,5,6,0.833,0,2,2,2,1,0,3,1,19,7.7,7,25
Bradley Beal,57,36,2016-02-26,22,WAS,A,PHI,9,0,27:51,4,14,0.286,1,6,0.167,0,0,NA,2,1,3,4,0,0,2,1,9,2.9,0,18.3
Bradley Beal,58,37,2016-02-28,22,WAS,H,CLE,14,0,25:47,5,10,0.5,2,5,0.4,5,5,1,1,2,3,1,2,0,1,3,17,13.8,20,26.8
Bradley Beal,59,38,2016-02-29,22,WAS,H,PHI,8,0,31:03,7,20,0.35,0,3,0,2,2,1,0,1,1,1,0,0,1,1,16,4.4,7,18.3
Bradley Beal,60,39,2016-03-02,22,WAS,A,MIN,6,0,28:45,10,15,0.667,3,4,0.75,3,5,0.6,1,2,3,2,3,0,1,4,26,21.8,4,39.8
Bradley Beal,61,40,2016-03-04,22,WAS,A,CLE,-25,0,28:01,4,12,0.333,2,5,0.4,1,2,0.5,0,3,3,1,1,0,5,2,11,0.6,-22,16.8
Bradley Beal,62,41,2016-03-05,22,WAS,H,IND,-1,1,24:11,5,13,0.385,2,4,0.5,0,0,NA,0,2,2,3,0,0,4,1,12,3.2,-5,18
Bradley Beal,66,42,2016-03-14,22,WAS,H,DET,43,1,24:42,4,10,0.4,2,4,0.5,2,2,1,2,3,5,3,2,0,0,1,12,12.6,33,27.8
Bradley Beal,67,43,2016-03-16,22,WAS,H,CHI,21,1,30:33,7,17,0.412,1,3,0.333,5,5,1,2,5,7,2,3,0,1,3,20,16,-2,37.8
Bradley Beal,69,44,2016-03-19,22,WAS,H,NYK,10,1,32:26,4,12,0.333,1,4,0.25,1,2,0.5,0,3,3,6,1,0,0,1,10,8.5,2,25.3
Bradley Beal,70,45,2016-03-21,22,WAS,A,ATL,15,1,34:22,10,15,0.667,5,6,0.833,0,0,NA,0,3,3,1,0,0,0,2,25,19.3,25,32.8
Bradley Beal,71,46,2016-03-23,22,WAS,H,ATL,-21,1,31:26,2,8,0.25,0,1,0,3,3,1,0,0,0,3,0,0,0,2,7,3.5,-6,11.5
Bradley Beal,72,47,2016-03-25,22,WAS,H,MIN,-3,1,45:59,9,18,0.5,4,7,0.571,4,4,1,0,4,4,5,1,0,2,2,26,19.9,-12,41.5
Bradley Beal,73,48,2016-03-27,22,WAS,A,LAL,13,1,29:14,1,5,0.2,1,3,0.333,1,4,0.25,0,6,6,3,1,0,1,0,4,3.6,-2,18
Bradley Beal,74,49,2016-03-29,22,WAS,A,GSW,-8,1,31:11,6,16,0.375,1,6,0.167,4,4,1,0,2,2,4,1,0,3,2,17,8.8,-14,26.5
Bradley Beal,75,50,2016-03-30,22,WAS,A,SAC,-9,1,34:55,10,21,0.476,1,5,0.2,3,3,1,1,3,4,4,1,0,3,0,24,15.7,-16,36
Bradley Beal,76,51,2016-04-01,22,WAS,A,PHO,7,1,34:27,6,14,0.429,3,8,0.375,6,6,1,0,1,1,5,1,0,2,4,21,14.8,-3,32.3
Bradley Beal,77,52,2016-04-03,22,WAS,A,LAC,-5,1,39:07,2,16,0.125,1,6,0.167,3,4,0.75,6,1,7,4,2,0,2,5,8,2.5,2,26.3
Bradley Beal,78,53,2016-04-06,22,WAS,H,BRK,18,1,32:23,11,15,0.733,3,7,0.429,0,0,NA,1,2,3,5,1,1,1,2,25,23.6,21,41.3
Bradley Beal,79,54,2016-04-08,22,WAS,A,DET,-13,1,40:33,10,22,0.455,2,4,0.5,3,6,0.5,1,5,6,3,0,0,6,1,25,10.3,-29,35
Bradley Beal,80,55,2016-04-10,22,WAS,H,CHO,15,1,7:43,1,2,0.5,1,1,1,0,0,NA,1,0,1,0,1,0,1,0,3,2.7,6,6.3
Ramon Sessions,1,1,2015-10-28,29,WAS,A,ORL,1,0,14:04,0,2,0,0,0,NA,4,6,0.667,0,3,3,2,1,0,0,1,4,4.7,-19,12.8
Ramon Sessions,2,2,2015-10-30,29,WAS,A,MIL,5,0,26:14,8,12,0.667,2,3,0.667,5,6,0.833,0,0,0,0,2,0,2,2,23,16.6,16,27
Ramon Sessions,3,3,2015-10-31,29,WAS,H,NYK,-7,0,12:15,1,4,0.25,0,2,0,5,5,1,1,1,2,3,0,0,1,1,7,6.3,2,13.5
Ramon Sessions,4,4,2015-11-04,29,WAS,H,SAS,3,0,16:13,1,5,0.2,1,1,1,2,2,1,0,2,2,3,2,0,1,0,5,5.6,-10,16
Ramon Sessions,5,5,2015-11-06,29,WAS,A,BOS,-20,0,19:32,1,8,0.125,0,0,NA,4,4,1,1,2,3,2,2,0,1,2,6,3.7,-24,16.3
Ramon Sessions,6,6,2015-11-07,29,WAS,A,ATL,-15,0,14:34,2,2,1,0,0,NA,0,0,NA,1,1,2,1,1,0,1,1,4,4.7,-7,9.5
Ramon Sessions,7,7,2015-11-10,29,WAS,H,OKC,-24,0,22:46,6,9,0.667,1,2,0.5,2,5,0.4,0,2,2,5,1,1,2,2,15,12.9,-3,28.5
Ramon Sessions,8,8,2015-11-14,29,WAS,H,ORL,9,0,13:55,2,5,0.4,0,0,NA,1,3,0.333,0,4,4,5,0,0,3,1,5,2.8,0,16
Ramon Sessions,9,9,2015-11-17,29,WAS,H,MIL,29,0,19:50,2,5,0.4,0,0,NA,3,4,0.75,0,0,0,1,1,0,1,3,7,3.4,-4,10
Ramon Sessions,10,10,2015-11-21,29,WAS,A,DET,2,0,20:56,2,5,0.4,2,3,0.667,8,10,0.8,0,4,4,9,1,0,0,4,14,17.4,22,35.5
Ramon Sessions,11,11,2015-11-24,29,WAS,H,IND,-17,0,17:28,4,5,0.8,1,1,1,1,2,0.5,0,1,1,3,2,0,3,2,10,8.3,7,18.8
Ramon Sessions,12,12,2015-11-25,29,WAS,A,CHO,-14,0,12:27,0,5,0,0,2,0,0,0,NA,0,2,2,0,1,0,1,2,0,-3.7,-12,4
Ramon Sessions,13,13,2015-11-27,29,WAS,A,BOS,-33,0,24:16,3,8,0.375,1,3,0.333,2,2,1,0,1,1,3,1,0,1,1,9,6.6,-7,16.8
Ramon Sessions,14,14,2015-11-28,29,WAS,H,TOR,-2,0,24:51,0,7,0,0,3,0,3,4,0.75,1,6,7,2,0,0,0,2,3,0.8,-6,14.8
Ramon Sessions,15,15,2015-12-01,29,WAS,A,CLE,12,0,14:06,1,3,0.333,0,1,0,2,2,1,0,1,1,2,0,0,0,1,4,3.6,-6,8.3
Ramon Sessions,16,16,2015-12-02,29,WAS,H,LAL,-4,0,11:45,2,5,0.4,0,0,NA,0,0,NA,0,1,1,1,2,0,1,0,4,3.3,-11,10.3
Ramon Sessions,17,17,2015-12-04,29,WAS,H,PHO,3,0,23:48,8,12,0.667,0,3,0,2,2,1,0,2,2,0,1,0,2,2,18,11.6,9,21.5
Ramon Sessions,18,18,2015-12-06,29,WAS,H,DAL,-12,0,24:07,3,4,0.75,0,1,0,3,6,0.5,0,1,1,0,2,0,0,3,9,7.3,-6,14.3
Ramon Sessions,19,19,2015-12-07,29,WAS,A,MIA,11,0,13:57,5,7,0.714,1,1,1,1,1,1,0,3,3,1,0,0,3,2,12,6.9,-4,16.3
Ramon Sessions,20,20,2015-12-09,29,WAS,H,HOU,-6,0,15:52,3,5,0.6,0,1,0,3,3,1,0,4,4,1,0,0,1,1,9,7.2,-6,15
Ramon Sessions,21,21,2015-12-11,29,WAS,A,NOP,-2,0,25:39,4,8,0.5,0,2,0,6,8,0.75,0,1,1,2,0,0,0,1,14,10.5,-1,18.3
Ramon Sessions,22,22,2015-12-12,29,WAS,A,DAL,3,0,29:52,5,8,0.625,2,4,0.5,5,6,0.833,0,1,1,6,0,1,3,4,17,13.6,-8,28.8
Ramon Sessions,23,23,2015-12-14,29,WAS,A,MEM,-17,0,25:41,5,8,0.625,0,1,0,4,5,0.8,0,1,1,3,1,0,3,0,14,10.4,-3,20.3
Ramon Sessions,24,24,2015-12-16,29,WAS,A,SAS,-19,0,25:01,3,6,0.5,0,0,NA,4,5,0.8,0,2,2,4,1,0,2,1,10,8.6,-11,19.5
Ramon Sessions,25,25,2015-12-19,29,WAS,H,CHO,8,0,23:01,3,8,0.375,0,1,0,1,1,1,1,4,5,1,0,0,0,1,7,4.8,1,14.8
Ramon Sessions,26,26,2015-12-21,29,WAS,H,SAC,14,0,30:39,7,13,0.538,0,1,0,1,2,0.5,0,4,4,2,0,0,0,2,15,10.1,6,23
Ramon Sessions,27,27,2015-12-23,29,WAS,H,MEM,9,0,30:23,5,11,0.455,1,2,0.5,5,6,0.833,1,3,4,3,0,0,1,1,16,12.2,6,25.5
Ramon Sessions,28,28,2015-12-26,29,WAS,A,BRK,15,0,22:22,3,5,0.6,0,1,0,3,7,0.429,0,2,2,7,1,0,4,2,9,6.8,15,22
Ramon Sessions,29,29,2015-12-28,29,WAS,H,LAC,-17,0,27:08,4,10,0.4,0,1,0,4,7,0.571,0,3,3,2,3,0,2,1,12,8.3,9,23.8
Ramon Sessions,30,30,2015-12-30,29,WAS,A,TOR,-3,0,27:38,3,8,0.375,1,1,1,4,4,1,0,6,6,4,0,0,0,0,11,11.2,-4,25
Ramon Sessions,31,31,2016-01-01,29,WAS,H,ORL,12,0,27:36,5,10,0.5,2,3,0.667,1,2,0.5,1,4,5,4,0,0,2,0,13,10.3,13,25.3
Ramon Sessions,32,32,2016-01-03,29,WAS,H,MIA,-22,0,27:43,4,12,0.333,0,2,0,5,7,0.714,1,2,3,5,0,0,2,1,13,7.8,-18,23.3
Ramon Sessions,33,33,2016-01-06,29,WAS,H,CLE,-6,0,16:15,3,7,0.429,1,2,0.5,2,2,1,0,1,1,6,0,0,1,2,9,8,-2,19.3
Ramon Sessions,34,34,2016-01-08,29,WAS,H,TOR,-9,0,22:25,5,11,0.455,1,3,0.333,3,3,1,1,3,4,1,0,1,3,2,14,7.5,-7,21.5
Ramon Sessions,35,35,2016-01-09,29,WAS,A,ORL,6,0,12:55,1,4,0.25,0,0,NA,3,3,1,0,0,0,4,0,0,1,1,5,4,1,10.5
Ramon Sessions,36,36,2016-01-11,29,WAS,A,CHI,14,0,24:26,6,10,0.6,0,2,0,4,5,0.8,0,5,5,4,1,0,1,2,16,14.5,11,29.8
Ramon Sessions,37,37,2016-01-13,29,WAS,H,MIL,5,0,22:00,6,11,0.545,1,2,0.5,2,3,0.667,1,0,1,5,0,0,1,1,15,12.1,20,23.8
Ramon Sessions,38,38,2016-01-15,29,WAS,A,IND,14,0,23:02,5,7,0.714,0,0,NA,0,0,NA,0,3,3,5,2,0,1,2,10,11.7,10,24.8
Ramon Sessions,39,39,2016-01-16,29,WAS,H,BOS,-2,0,23:29,3,6,0.5,1,1,1,2,2,1,0,2,2,2,0,0,1,2,9,6.2,-4,14.5
Ramon Sessions,40,40,2016-01-18,29,WAS,H,POR,-10,0,21:46,3,5,0.6,0,1,0,4,4,1,1,2,3,3,0,0,1,1,10,9.7,2,17.8
Ramon Sessions,41,41,2016-01-20,29,WAS,H,MIA,19,0,20:00,2,7,0.286,0,2,0,2,2,1,0,2,2,5,1,0,2,1,6,4.6,2,17
Ramon Sessions,42,42,2016-01-25,29,WAS,H,BOS,-25,0,23:14,3,4,0.75,0,0,NA,6,8,0.75,0,2,2,3,0,0,2,1,12,9.9,-15,18
Ramon Sessions,43,43,2016-01-26,29,WAS,A,TOR,-17,0,14:52,0,4,0,0,1,0,7,8,0.875,0,3,3,1,0,0,2,2,7,2.6,-13,11.3
Ramon Sessions,44,44,2016-01-28,29,WAS,H,DEN,-4,0,16:16,3,8,0.375,0,0,NA,5,5,1,0,3,3,2,1,0,1,0,11,8.9,1,19.3
Ramon Sessions,45,45,2016-01-30,29,WAS,A,HOU,1,0,18:08,5,8,0.625,2,2,1,5,6,0.833,0,3,3,1,1,0,1,3,17,13.4,7,24.8
Ramon Sessions,46,46,2016-02-01,29,WAS,A,OKC,-16,0,12:18,3,5,0.6,1,2,0.5,2,2,1,0,1,1,1,1,0,1,0,9,7.7,-4,13.8
Ramon Sessions,47,47,2016-02-03,29,WAS,H,GSW,-13,0,21:48,5,6,0.833,1,1,1,1,2,0.5,0,4,4,2,1,0,3,1,12,9.6,-5,21
Ramon Sessions,48,48,2016-02-05,29,WAS,H,PHI,12,0,14:57,1,4,0.25,0,2,0,2,2,1,1,2,3,3,0,0,2,1,4,2.6,-13,11.3
Ramon Sessions,49,49,2016-02-06,29,WAS,A,CHO,-4,0,22:36,3,10,0.3,0,3,0,2,2,1,1,4,5,3,0,1,2,1,8,4.5,7,19.8
Ramon Sessions,50,50,2016-02-09,29,WAS,A,NYK,3,0,12:19,2,5,0.4,0,1,0,3,6,0.5,0,2,2,1,0,0,1,0,7,3.4,-11,10.5
Ramon Sessions,51,51,2016-02-11,29,WAS,A,MIL,-7,0,11:27,1,4,0.25,0,2,0,3,6,0.5,0,0,0,2,2,0,0,0,5,4.8,-9,12
Ramon Sessions,52,52,2016-02-18,29,WAS,H,UTA,14,0,21:41,5,9,0.556,0,1,0,3,4,0.75,0,5,5,0,0,0,1,0,13,8.8,5,18.8
Ramon Sessions,53,53,2016-02-19,29,WAS,H,DET,12,0,16:39,3,8,0.375,0,0,NA,3,3,1,0,2,2,3,0,0,0,2,9,6.5,-13,16
Ramon Sessions,54,54,2016-02-20,29,WAS,A,MIA,-20,0,24:47,4,10,0.4,0,0,NA,1,3,0.333,1,1,2,2,1,0,1,0,9,5.2,-10,16
Ramon Sessions,55,55,2016-02-23,29,WAS,H,NOP,20,0,25:34,4,8,0.5,0,1,0,2,4,0.5,0,3,3,1,0,0,2,0,10,4.8,-2,14.3
Ramon Sessions,56,56,2016-02-24,29,WAS,A,CHI,-5,0,18:33,6,11,0.545,1,2,0.5,3,4,0.75,0,2,2,3,0,0,0,1,16,12.6,5,23.5
Ramon Sessions,57,57,2016-02-26,29,WAS,A,PHI,9,0,19:57,6,10,0.6,0,0,NA,0,0,NA,1,1,2,1,0,0,1,1,12,7.7,9,15.5
Ramon Sessions,58,58,2016-02-28,29,WAS,H,CLE,14,0,18:50,2,6,0.333,1,1,1,5,8,0.625,0,1,1,3,0,0,2,2,10,5,-9,15.3
Ramon Sessions,59,59,2016-02-29,29,WAS,H,PHI,8,0,18:10,3,3,1,0,0,NA,2,4,0.5,1,1,2,2,0,0,0,1,8,8.3,7,13.5
Ramon Sessions,60,60,2016-03-02,29,WAS,A,MIN,6,0,10:50,3,5,0.6,1,3,0.333,0,0,NA,0,2,2,0,0,0,2,1,7,2.9,11,9
Ramon Sessions,61,61,2016-03-04,29,WAS,A,CLE,-25,0,20:02,3,8,0.375,0,1,0,6,7,0.857,1,2,3,2,0,1,1,1,12,9.2,-4,20.3
Ramon Sessions,62,62,2016-03-05,29,WAS,H,IND,-1,0,10:56,0,6,0,0,1,0,2,2,1,0,0,0,0,0,0,0,1,2,-2.6,-2,2
Ramon Sessions,63,63,2016-03-08,29,WAS,A,POR,-7,0,33:45,9,12,0.75,1,3,0.333,2,5,0.4,1,3,4,5,0,0,2,0,21,18.1,1,33
Ramon Sessions,64,64,2016-03-11,29,WAS,A,UTA,-21,0,21:23,4,12,0.333,1,3,0.333,1,1,1,2,2,4,2,0,0,1,2,10,4.8,1,18
Ramon Sessions,65,65,2016-03-12,29,WAS,A,DEN,-16,0,18:03,3,6,0.5,0,2,0,0,0,NA,0,3,3,1,0,0,2,1,6,2.2,-12,10.3
Ramon Sessions,66,66,2016-03-14,29,WAS,H,DET,43,0,23:50,5,9,0.556,0,1,0,4,5,0.8,0,2,2,4,1,0,2,2,14,10.9,15,23.5
Ramon Sessions,67,67,2016-03-16,29,WAS,H,CHI,21,0,17:52,0,4,0,0,0,NA,0,0,NA,0,0,0,1,0,0,1,0,0,-3.1,-9,1
Ramon Sessions,68,68,2016-03-17,29,WAS,A,PHI,5,0,18:05,3,7,0.429,0,0,NA,2,2,1,1,3,4,2,1,0,0,0,8,8.3,2,18
Ramon Sessions,69,69,2016-03-19,29,WAS,H,NYK,10,0,8:48,2,6,0.333,0,1,0,0,0,NA,0,1,1,0,0,0,1,0,4,-0.1,-9,4.8
Ramon Sessions,70,70,2016-03-21,29,WAS,A,ATL,15,0,12:21,1,3,0.333,0,0,NA,0,0,NA,0,2,2,3,1,0,1,0,2,3,-2,10.5
Ramon Sessions,71,71,2016-03-23,29,WAS,H,ATL,-21,0,11:05,0,3,0,0,1,0,2,2,1,0,1,1,2,0,0,1,1,2,0.2,-14,5.8
Ramon Sessions,72,72,2016-03-25,29,WAS,H,MIN,-3,0,9:18,3,6,0.5,0,0,NA,0,0,NA,0,0,0,2,0,0,1,2,6,2.6,-4,8.5
Ramon Sessions,73,73,2016-03-27,29,WAS,A,LAL,13,0,22:21,4,9,0.444,1,2,0.5,2,3,0.667,1,3,4,2,0,0,2,1,11,6.5,6,18.5
Ramon Sessions,74,74,2016-03-29,29,WAS,A,GSW,-8,0,16:45,0,3,0,0,0,NA,1,2,0.5,0,4,4,3,1,0,2,1,1,0.4,9,11.5
Ramon Sessions,75,75,2016-03-30,29,WAS,A,SAC,-9,0,9:18,1,1,1,0,0,NA,0,0,NA,0,0,0,0,0,0,3,2,2,-2.1,-7,0.5
Ramon Sessions,76,76,2016-04-01,29,WAS,A,PHO,7,0,14:34,3,7,0.429,1,1,1,2,2,1,0,0,0,0,0,0,0,0,9,5.3,8,9.5
Ramon Sessions,77,77,2016-04-03,29,WAS,A,LAC,-5,0,23:14,5,9,0.556,0,1,0,3,5,0.6,2,3,5,6,0,0,2,0,13,12.4,-5,27.3
Ramon Sessions,78,78,2016-04-06,29,WAS,H,BRK,18,1,29:26,7,13,0.538,2,3,0.667,2,2,1,1,2,3,13,0,0,1,0,18,21.1,11,43.3
Ramon Sessions,79,79,2016-04-08,29,WAS,A,DET,-13,1,32:17,4,8,0.5,0,1,0,4,4,1,0,1,1,6,1,0,2,2,12,10.7,-9,23.3
Ramon Sessions,80,80,2016-04-10,29,WAS,H,CHO,15,1,36:22,6,13,0.462,1,3,0.333,2,4,0.5,0,5,5,11,1,0,1,1,15,16.3,17,41.3
Ramon Sessions,81,81,2016-04-11,30,WAS,A,BRK,9,1,28:48,7,10,0.7,0,1,0,7,7,1,0,3,3,12,2,0,5,2,21,22.3,7,45.8
Ramon Sessions,82,82,2016-04-13,30,WAS,H,ATL,11,1,33:38,9,16,0.563,3,5,0.6,1,2,0.5,0,4,4,6,1,0,5,5,22,13.4,29,37
Drew Gooden,1,1,2015-10-28,34,WAS,A,ORL,1,0,19:50,1,6,0.167,1,4,0.25,0,0,NA,4,3,7,1,0,1,0,2,3,3.5,-14,15.8
Drew Gooden,2,2,2015-10-30,34,WAS,A,MIL,5,0,8:27,0,0,NA,0,0,NA,2,2,1,0,1,1,0,1,1,0,0,2,4,5,7.3
Drew Gooden,3,3,2015-10-31,34,WAS,H,NYK,-7,0,24:03,5,10,0.5,1,3,0.333,0,0,NA,4,7,11,2,1,1,2,2,11,11.2,3,32.8
Drew Gooden,4,4,2015-11-04,34,WAS,H,SAS,3,0,8:08,0,4,0,0,2,0,0,0,NA,1,2,3,0,1,0,0,1,0,-0.9,-17,5.8
Drew Gooden,7,5,2015-11-10,34,WAS,H,OKC,-24,0,12:04,0,5,0,0,1,0,0,0,NA,2,3,5,0,0,1,0,1,0,-0.9,-14,8.3
Drew Gooden,9,6,2015-11-17,34,WAS,H,MIL,29,0,4:34,0,0,NA,0,0,NA,0,0,NA,0,0,0,0,0,0,1,0,0,-1,0,-0.5
Drew Gooden,31,7,2016-01-01,34,WAS,H,ORL,12,0,4:13,0,1,0,0,0,NA,0,0,NA,0,1,1,0,0,1,0,4,0,-1.3,-5,3.3
Drew Gooden,34,8,2016-01-08,34,WAS,H,TOR,-9,0,9:58,1,3,0.333,1,3,0.333,0,0,NA,1,2,3,0,0,0,0,1,3,2.2,-7,7.3
Drew Gooden,35,9,2016-01-09,34,WAS,A,ORL,6,0,14:50,2,5,0.4,1,3,0.333,0,0,NA,0,1,1,1,0,1,1,1,5,2.6,-5,9.8
Drew Gooden,36,10,2016-01-11,34,WAS,A,CHI,14,0,26:47,4,10,0.4,0,4,0,2,2,1,7,5,12,3,0,1,0,3,10,12.6,7,33
Drew Gooden,37,11,2016-01-13,34,WAS,H,MIL,5,0,27:00,2,7,0.286,0,1,0,1,2,0.5,2,3,5,1,1,0,2,4,5,0.9,9,13.8
Drew Gooden,38,12,2016-01-15,34,WAS,A,IND,14,0,17:14,4,9,0.444,0,2,0,0,0,NA,0,4,4,0,0,0,2,3,8,1.3,-1,12
Drew Gooden,42,13,2016-01-25,34,WAS,H,BOS,-25,0,5:18,0,0,NA,0,0,NA,0,0,NA,0,0,0,0,0,0,0,0,0,0,-3,0
Drew Gooden,43,14,2016-01-26,34,WAS,A,TOR,-17,0,10:42,0,0,NA,0,0,NA,1,2,0.5,1,1,2,1,0,0,0,1,1,1.9,1,5
Drew Gooden,44,15,2016-01-28,34,WAS,H,DEN,-4,0,11:53,2,4,0.5,2,3,0.667,1,2,0.5,0,2,2,0,1,0,2,1,7,3.8,-1,11.5
Drew Gooden,45,16,2016-01-30,34,WAS,A,HOU,1,0,11:05,2,3,0.667,1,1,1,0,0,NA,1,4,5,0,0,0,1,0,5,4.6,-1,11.3
Drew Gooden,46,17,2016-02-01,34,WAS,A,OKC,-16,0,15:23,0,3,0,0,2,0,0,0,NA,0,3,3,1,1,0,1,0,0,-0.5,0,6.8
Drew Gooden,47,18,2016-02-03,34,WAS,H,GSW,-13,0,5:58,0,3,0,0,1,0,0,0,NA,0,1,1,1,1,1,0,0,0,0.6,2,6.8
Drew Gooden,48,19,2016-02-05,34,WAS,H,PHI,12,0,13:14,2,5,0.4,0,1,0,0,0,NA,0,1,1,0,0,0,0,2,4,0.8,-4,5.3
Drew Gooden,49,20,2016-02-06,34,WAS,A,CHO,-4,0,12:58,3,4,0.75,0,0,NA,0,0,NA,3,4,7,2,0,1,0,5,6,7.8,9,19.8
Drew Gooden,50,21,2016-02-09,34,WAS,A,NYK,3,0,6:44,0,2,0,0,1,0,0,0,NA,0,1,1,0,0,0,0,1,0,-1.5,-7,1.3
Drew Gooden,51,22,2016-02-11,34,WAS,A,MIL,-7,0,1:32,0,1,0,0,1,0,0,0,NA,0,0,0,0,0,0,0,1,0,-1.1,-3,0
Drew Gooden,52,23,2016-02-18,34,WAS,H,UTA,14,0,5:40,1,1,1,0,0,NA,0,1,0,0,1,1,0,0,0,0,1,2,1.2,-5,3.3
Drew Gooden,53,24,2016-02-19,34,WAS,H,DET,12,0,2:27,0,1,0,0,0,NA,0,0,NA,1,1,2,0,0,0,1,0,0,-0.7,-4,2
Drew Gooden,54,25,2016-02-20,34,WAS,A,MIA,-20,0,4:34,2,3,0.667,0,1,0,1,1,1,0,2,2,0,0,1,0,2,5,4.2,1,9.5
Drew Gooden,55,26,2016-02-23,34,WAS,H,NOP,20,0,2:23,0,1,0,0,1,0,0,0,NA,0,2,2,0,0,0,0,1,0,-0.5,-3,2.5
Drew Gooden,58,27,2016-02-28,34,WAS,H,CLE,14,0,5:29,0,3,0,0,2,0,0,0,NA,0,1,1,0,0,0,0,0,0,-1.8,-16,1.3
Drew Gooden,61,28,2016-03-04,34,WAS,A,CLE,-25,0,4:56,0,4,0,0,2,0,0,0,NA,1,1,2,0,0,0,0,0,0,-1.8,2,2.5
Drew Gooden,78,29,2016-04-06,34,WAS,H,BRK,18,0,5:21,2,5,0.4,0,2,0,0,0,NA,0,0,0,0,0,1,0,3,4,0.8,-9,6
Drew Gooden,82,30,2016-04-13,34,WAS,H,ATL,11,0,2:26,0,0,NA,0,0,NA,1,2,0.5,0,0,0,0,1,0,0,0,1,1.6,-3,3
Garrett Temple,2,1,2015-10-30,29,WAS,A,MIL,5,0,0:07,0,0,NA,0,0,NA,0,0,NA,0,0,0,0,0,0,0,1,0,-0.4,-4,0
Garrett Temple,4,2,2015-11-04,29,WAS,H,SAS,3,0,2:47,0,0,NA,0,0,NA,0,0,NA,0,0,0,1,0,0,0,0,0,0.7,-7,1.5
Garrett Temple,5,3,2015-11-06,29,WAS,A,BOS,-20,0,10:31,1,3,0.333,1,2,0.5,2,2,1,0,1,1,0,0,0,1,0,5,2.6,-5,6.3
Garrett Temple,6,4,2015-11-07,29,WAS,A,ATL,-15,0,0:57,0,0,NA,0,0,NA,1,2,0.5,0,0,0,0,0,0,0,0,1,0.6,0,1
Garrett Temple,7,5,2015-11-10,29,WAS,H,OKC,-24,0,21:02,3,8,0.375,0,3,0,3,3,1,1,2,3,2,0,0,1,3,9,5.1,-7,15.3
Garrett Temple,8,6,2015-11-14,29,WAS,H,ORL,9,1,31:10,5,10,0.5,3,6,0.5,5,6,0.833,0,3,3,2,1,0,0,2,18,15.1,6,28.3
Garrett Temple,9,7,2015-11-17,29,WAS,H,MIL,29,1,30:28,3,9,0.333,2,4,0.5,2,2,1,1,1,2,2,2,0,0,3,10,8.1,16,20.5
Garrett Temple,10,8,2015-11-21,29,WAS,A,DET,2,0,25:39,3,6,0.5,1,3,0.333,1,2,0.5,0,5,5,1,1,0,1,1,8,6.4,23,17.8
Garrett Temple,11,9,2015-11-24,29,WAS,H,IND,-17,0,17:31,1,5,0.2,0,3,0,0,0,NA,1,5,6,2,0,0,2,3,2,-0.7,0,11.5
Garrett Temple,12,10,2015-11-25,29,WAS,A,CHO,-14,0,10:03,0,3,0,0,0,NA,0,0,NA,1,0,1,0,2,0,0,0,0,0.6,-3,5.3
Garrett Temple,13,11,2015-11-27,29,WAS,A,BOS,-33,0,11:14,2,4,0.5,0,1,0,1,2,0.5,0,1,1,0,1,0,1,0,5,2.9,-10,7.8
Garrett Temple,14,12,2015-11-28,29,WAS,H,TOR,-2,0,17:12,0,6,0,0,4,0,1,2,0.5,0,2,2,1,3,1,0,1,1,1,-4,13
Garrett Temple,15,13,2015-12-01,29,WAS,A,CLE,12,0,27:35,3,9,0.333,1,5,0.2,0,0,NA,1,4,5,0,0,0,0,4,7,2.2,-1,13.8
Garrett Temple,16,14,2015-12-02,29,WAS,H,LAL,-4,0,15:13,0,1,0,0,1,0,4,8,0.5,2,2,4,2,2,0,2,0,4,5.1,-6,15
Garrett Temple,17,15,2015-12-04,29,WAS,H,PHO,3,0,34:53,2,6,0.333,1,4,0.25,1,2,0.5,0,3,3,1,1,0,0,2,6,4,15,13.8
Garrett Temple,18,16,2015-12-06,29,WAS,H,DAL,-12,0,12:54,0,1,0,0,1,0,0,0,NA,0,1,1,1,0,0,0,4,0,-1.3,-16,2.8
Garrett Temple,19,17,2015-12-07,29,WAS,A,MIA,11,0,7:58,1,2,0.5,1,1,1,0,0,NA,0,2,2,1,0,0,0,2,3,2.5,3,7.5
Garrett Temple,20,18,2015-12-09,29,WAS,H,HOU,-6,0,17:27,2,6,0.333,0,2,0,1,2,0.5,1,3,4,1,1,0,0,2,5,3.7,1,13.5
Garrett Temple,21,19,2015-12-11,29,WAS,A,NOP,-2,1,28:25,4,8,0.5,2,6,0.333,0,0,NA,0,0,0,3,3,0,1,2,10,9.3,7,21
Garrett Temple,22,20,2015-12-12,29,WAS,A,DAL,3,1,28:07,2,6,0.333,1,2,0.5,0,0,NA,0,2,2,4,2,1,2,3,5,4.5,16,19
Garrett Temple,23,21,2015-12-14,29,WAS,A,MEM,-17,1,17:03,2,5,0.4,0,3,0,2,2,1,0,0,0,1,0,1,2,0,6,2.7,-12,8.5
Garrett Temple,24,22,2015-12-16,29,WAS,A,SAS,-19,0,11:10,1,2,0.5,0,1,0,1,2,0.5,0,0,0,1,0,1,0,1,3,2.6,-3,6.5
Garrett Temple,25,23,2015-12-19,29,WAS,H,CHO,8,1,35:25,7,9,0.778,2,3,0.667,5,7,0.714,0,5,5,3,2,0,1,2,21,20.5,12,36.3
Garrett Temple,26,24,2015-12-21,29,WAS,H,SAC,14,1,41:49,8,17,0.471,5,10,0.5,2,2,1,0,5,5,3,2,0,0,4,23,18.3,13,40.3
Garrett Temple,27,25,2015-12-23,29,WAS,H,MEM,9,1,40:05,8,17,0.471,3,9,0.333,1,2,0.5,1,5,6,1,0,0,2,4,20,10.2,2,29.5
Garrett Temple,28,26,2015-12-26,29,WAS,A,BRK,15,1,33:33,3,9,0.333,1,5,0.2,2,2,1,0,1,1,3,2,1,1,2,9,7.2,13,20.8
Garrett Temple,29,27,2015-12-28,29,WAS,H,LAC,-17,1,39:14,2,9,0.222,0,4,0,2,4,0.5,2,1,3,2,1,0,2,4,6,0.2,-12,13.8
Garrett Temple,30,28,2015-12-30,29,WAS,A,TOR,-3,1,31:35,1,6,0.167,1,1,1,1,2,0.5,1,3,4,2,0,0,1,6,4,-0.6,6,12
Garrett Temple,31,29,2016-01-01,29,WAS,H,ORL,12,1,29:10,4,10,0.4,1,3,0.333,2,2,1,1,0,1,3,1,0,0,1,11,9,1,19.3
Garrett Temple,32,30,2016-01-03,29,WAS,H,MIA,-22,1,41:23,4,16,0.25,2,8,0.25,1,2,0.5,0,3,3,3,1,1,2,2,11,2.9,-22,23.3
Garrett Temple,33,31,2016-01-06,29,WAS,H,CLE,-6,1,34:15,7,10,0.7,3,5,0.6,4,5,0.8,0,4,4,1,0,0,0,3,21,17.1,7,29
Garrett Temple,34,32,2016-01-08,29,WAS,H,TOR,-9,1,32:27,3,9,0.333,1,2,0.5,0,0,NA,0,1,1,3,2,0,1,5,7,3.3,-2,16.8
Garrett Temple,35,33,2016-01-09,29,WAS,A,ORL,6,1,33:22,5,8,0.625,1,2,0.5,0,0,NA,0,4,4,4,0,0,2,4,11,7.8,13,21.5
Garrett Temple,36,34,2016-01-11,29,WAS,A,CHI,14,1,30:10,6,10,0.6,2,4,0.5,0,0,NA,1,0,1,2,1,2,1,3,14,11.7,11,24.8
Garrett Temple,37,35,2016-01-13,29,WAS,H,MIL,5,1,32:05,4,8,0.5,3,6,0.5,0,0,NA,1,3,4,5,5,1,0,1,11,17.4,-11,37
Garrett Temple,38,36,2016-01-15,29,WAS,A,IND,14,1,28:14,2,8,0.25,1,4,0.25,0,0,NA,1,5,6,5,0,1,1,4,5,4,15,22
Garrett Temple,39,37,2016-01-16,29,WAS,H,BOS,-2,1,33:30,2,8,0.25,1,5,0.2,7,7,1,1,2,3,3,0,1,0,3,12,10.1,1,22.8
Garrett Temple,40,38,2016-01-18,29,WAS,H,POR,-10,1,29:23,6,10,0.6,3,5,0.6,3,4,0.75,0,3,3,1,0,0,0,1,18,14.2,-13,24.8
Garrett Temple,41,39,2016-01-20,29,WAS,H,MIA,19,1,29:22,4,6,0.667,1,1,1,2,2,1,1,1,2,3,1,0,0,0,11,12.5,18,20.5
Garrett Temple,42,40,2016-01-25,29,WAS,H,BOS,-25,1,23:22,0,7,0,0,4,0,2,2,1,0,4,4,1,0,0,0,2,2,-1.8,-7,8.5
Garrett Temple,43,41,2016-01-26,29,WAS,A,TOR,-17,1,33:34,3,8,0.375,2,5,0.4,0,0,NA,0,1,1,0,0,0,1,3,8,1.7,-6,9.8
Garrett Temple,44,42,2016-01-28,29,WAS,H,DEN,-4,1,38:28,7,16,0.438,5,10,0.5,1,2,0.5,1,4,5,3,1,0,0,3,20,15,-3,35.3
Garrett Temple,45,43,2016-01-30,29,WAS,A,HOU,1,1,34:11,5,14,0.357,1,7,0.143,0,0,NA,0,4,4,4,1,0,0,6,11,5.8,3,24.5
Garrett Temple,46,44,2016-02-01,29,WAS,A,OKC,-16,1,36:45,4,9,0.444,1,4,0.25,0,0,NA,0,3,3,2,1,0,1,3,9,5.4,-11,17.8
Garrett Temple,47,45,2016-02-03,29,WAS,H,GSW,-13,1,32:34,2,9,0.222,1,5,0.2,3,3,1,1,2,3,4,2,0,0,3,8,7.4,-22,22.3
Garrett Temple,48,46,2016-02-05,29,WAS,H,PHI,12,0,29:30,2,3,0.667,0,1,0,4,6,0.667,0,0,0,1,0,0,1,3,8,4.4,8,9
Garrett Temple,49,47,2016-02-06,29,WAS,A,CHO,-4,1,24:44,1,4,0.25,0,2,0,0,0,NA,1,2,3,1,1,0,2,5,2,-1.4,-10,8.3
Garrett Temple,50,48,2016-02-09,29,WAS,A,NYK,3,0,32:00,2,4,0.5,1,2,0.5,0,0,NA,0,1,1,1,0,0,1,4,5,1.4,5,7.8
Garrett Temple,51,49,2016-02-11,29,WAS,A,MIL,-7,0,16:10,1,2,0.5,0,1,0,1,3,0.333,1,2,3,0,2,0,0,1,3,4.1,-9,10.8
Garrett Temple,52,50,2016-02-18,29,WAS,H,UTA,14,1,29:17,1,7,0.143,1,3,0.333,1,4,0.25,0,1,1,1,4,0,4,4,4,-2.3,11,13.3
Garrett Temple,53,51,2016-02-19,29,WAS,H,DET,12,1,30:14,1,5,0.2,0,2,0,0,0,NA,0,4,4,4,1,0,0,1,2,3.5,-2,15
Garrett Temple,54,52,2016-02-20,29,WAS,A,MIA,-20,1,16:40,0,4,0,0,1,0,0,0,NA,0,1,1,0,0,0,0,3,0,-3.7,-14,1.3
Garrett Temple,55,53,2016-02-23,29,WAS,H,NOP,20,1,24:06,2,7,0.286,1,2,0.5,2,2,1,1,4,5,2,0,0,1,2,7,4.4,18,16.3
Garrett Temple,56,54,2016-02-24,29,WAS,A,CHI,-5,1,25:59,6,12,0.5,4,8,0.5,2,4,0.5,1,1,2,1,1,0,2,3,18,10.7,-9,25
Garrett Temple,57,55,2016-02-26,29,WAS,A,PHI,9,1,12:08,0,2,0,0,0,NA,0,0,NA,0,1,1,1,0,0,0,2,0,-1.2,4,2.8
Garrett Temple,58,56,2016-02-28,29,WAS,H,CLE,14,1,22:01,1,5,0.2,0,3,0,0,0,NA,0,2,2,0,1,0,0,3,2,-0.7,-6,6.5
Garrett Temple,59,57,2016-02-29,29,WAS,H,PHI,8,1,26:56,2,3,0.667,1,2,0.5,2,2,1,0,1,1,1,1,0,1,3,7,5.5,1,11.8
Garrett Temple,60,58,2016-03-02,29,WAS,A,MIN,6,1,27:49,1,7,0.143,0,4,0,0,0,NA,2,3,5,3,1,0,2,4,2,-0.7,-11,13.8
Garrett Temple,61,59,2016-03-04,29,WAS,A,CLE,-25,1,26:50,0,5,0,0,4,0,0,0,NA,0,0,0,0,0,1,0,3,0,-4,-13,2
Garrett Temple,62,60,2016-03-05,29,WAS,H,IND,-1,0,26:26,5,7,0.714,1,2,0.5,0,0,NA,1,3,4,2,1,0,1,4,11,9.5,-1,21
Garrett Temple,63,61,2016-03-08,29,WAS,A,POR,-7,1,30:31,3,6,0.5,2,3,0.667,0,0,NA,0,4,4,4,1,0,1,3,8,7.8,-6,21.5
Garrett Temple,64,62,2016-03-11,29,WAS,A,UTA,-21,1,20:39,2,2,1,2,2,1,0,0,NA,1,0,1,1,0,0,1,1,6,5.4,-8,9.3
Garrett Temple,65,63,2016-03-12,29,WAS,A,DEN,-16,1,34:06,4,8,0.5,2,5,0.4,2,2,1,2,3,5,0,1,0,2,6,12,6.9,-10,20.3
Garrett Temple,66,64,2016-03-14,29,WAS,H,DET,43,0,16:06,1,4,0.25,1,2,0.5,0,0,NA,0,2,2,1,0,0,0,2,3,1.1,8,7.5
Garrett Temple,67,65,2016-03-16,29,WAS,H,CHI,21,0,30:00,5,8,0.625,5,6,0.833,0,0,NA,0,6,6,4,1,0,0,1,15,16.6,10,33
Garrett Temple,68,66,2016-03-17,29,WAS,A,PHI,5,1,40:23,4,11,0.364,2,8,0.25,0,0,NA,0,3,3,4,1,1,3,1,10,5.9,0,23.3
Garrett Temple,69,67,2016-03-19,29,WAS,H,NYK,10,0,15:34,1,1,1,1,1,1,2,2,1,0,7,7,0,0,2,2,2,5,5.4,8,17.3
Garrett Temple,70,68,2016-03-21,29,WAS,A,ATL,15,0,24:38,2,5,0.4,1,4,0.25,0,0,NA,1,2,3,1,1,1,1,5,5,3,-4,14.3
Garrett Temple,71,69,2016-03-23,29,WAS,H,ATL,-21,0,4:48,0,2,0,0,1,0,0,0,NA,0,0,0,0,0,0,0,4,0,-3,-15,0
Garrett Temple,72,70,2016-03-25,29,WAS,H,MIN,-3,0,11:29,1,3,0.333,1,3,0.333,0,0,NA,0,1,1,0,0,0,0,2,3,0.8,-8,4.8
Garrett Temple,73,71,2016-03-27,29,WAS,A,LAL,13,0,15:46,2,2,1,0,0,NA,0,0,NA,0,0,0,0,1,0,0,3,4,3.2,2,6
Garrett Temple,74,72,2016-03-29,29,WAS,A,GSW,-8,0,18:18,1,2,0.5,1,1,1,0,0,NA,0,1,1,2,0,0,0,3,3,2.5,-5,7.8
Garrett Temple,75,73,2016-03-30,29,WAS,A,SAC,-9,0,25:13,3,4,0.75,1,2,0.5,4,5,0.8,1,4,5,3,1,0,0,1,11,13.6,-9,24.3
Garrett Temple,76,74,2016-04-01,29,WAS,A,PHO,7,0,19:29,1,3,0.333,0,2,0,0,0,NA,0,1,1,1,1,0,1,3,2,0.1,1,6.3
Garrett Temple,77,75,2016-04-03,29,WAS,A,LAC,-5,0,13:36,2,6,0.333,0,3,0,1,2,0.5,1,1,2,1,1,0,1,3,5,1.7,-3,10.5
Garrett Temple,78,76,2016-04-06,29,WAS,H,BRK,18,0,28:50,3,8,0.375,2,3,0.667,2,2,1,2,4,6,6,3,0,0,2,10,14.6,13,33.5
Garrett Temple,79,77,2016-04-08,29,WAS,A,DET,-13,0,21:15,1,6,0.167,0,3,0,0,0,NA,0,3,3,2,1,1,0,1,2,1.8,6,12.8
Garrett Temple,80,78,2016-04-10,29,WAS,H,CHO,15,0,16:31,1,2,0.5,0,1,0,1,1,1,0,2,2,3,0,0,1,3,3,2.5,8,9.5
Garrett Temple,81,79,2016-04-11,29,WAS,A,BRK,9,0,23:53,3,5,0.6,3,3,1,2,2,1,1,4,5,1,0,0,1,1,11,9.9,6,19.8
Garrett Temple,82,80,2016-04-13,29,WAS,H,ATL,11,0,15:57,4,7,0.571,2,4,0.5,2,3,0.667,0,1,1,1,1,1,6,0,12,5,-20,16.8
Kelly Oubre,2,1,2015-10-30,19,WAS,A,MIL,5,0,1:06,0,0,NA,0,0,NA,0,0,NA,0,0,0,0,0,0,0,0,0,0,0,0
Kelly Oubre,5,2,2015-11-06,19,WAS,A,BOS,-20,0,14:26,3,9,0.333,0,4,0,1,3,0.333,0,2,2,2,0,0,1,3,7,0.9,3,12
Kelly Oubre,6,3,2015-11-07,19,WAS,A,ATL,-15,0,0:57,0,0,NA,0,0,NA,0,0,NA,0,0,0,0,0,0,0,0,0,0,0,0
Kelly Oubre,7,4,2015-11-10,19,WAS,H,OKC,-24,0,25:50,4,8,0.5,2,4,0.5,1,2,0.5,0,3,3,0,0,0,1,4,11,4.9,-11,15.3
Kelly Oubre,8,5,2015-11-14,19,WAS,H,ORL,9,0,9:46,2,3,0.667,0,1,0,0,0,NA,0,1,1,0,0,0,0,3,4,1.8,-8,5.3
Kelly Oubre,9,6,2015-11-17,19,WAS,H,MIL,29,0,8:04,2,3,0.667,1,1,1,2,4,0.5,0,3,3,0,0,0,1,1,7,4.4,4,10.8
Kelly Oubre,11,7,2015-11-24,19,WAS,H,IND,-17,0,1:43,0,1,0,0,1,0,0,0,NA,0,0,0,0,0,0,0,0,0,-0.7,-4,0
Kelly Oubre,13,8,2015-11-27,19,WAS,A,BOS,-33,0,13:00,0,7,0,0,3,0,4,4,1,0,6,6,0,0,0,0,1,4,0.5,-13,11.5
Kelly Oubre,14,9,2015-11-28,19,WAS,H,TOR,-2,0,1:19,0,1,0,0,0,NA,0,0,NA,0,0,0,0,0,0,0,1,0,-1.1,-2,0
Kelly Oubre,15,10,2015-12-01,19,WAS,A,CLE,12,0,0:39,0,0,NA,0,0,NA,0,0,NA,0,0,0,0,0,0,0,0,0,0,0,0
Kelly Oubre,16,11,2015-12-02,19,WAS,H,LAL,-4,0,5:22,1,3,0.333,0,0,NA,0,0,NA,0,0,0,0,0,0,0,1,2,-0.1,9,2
Kelly Oubre,17,12,2015-12-04,19,WAS,H,PHO,3,0,3:05,0,0,NA,0,0,NA,0,0,NA,0,0,0,0,0,0,0,1,0,-0.4,3,0
Kelly Oubre,18,13,2015-12-06,19,WAS,H,DAL,-12,0,1:18,0,0,NA,0,0,NA,0,0,NA,0,0,0,0,0,0,0,0,0,0,-1,0
Kelly Oubre,21,14,2015-12-11,20,WAS,A,NOP,-2,0,7:45,0,0,NA,0,0,NA,0,0,NA,0,0,0,1,0,0,0,2,0,-0.1,-7,1.5
Kelly Oubre,22,15,2015-12-12,20,WAS,A,DAL,3,0,8:58,1,2,0.5,0,1,0,1,2,0.5,0,3,3,0,1,0,2,3,3,0.3,0,7.8
Kelly Oubre,23,16,2015-12-14,20,WAS,A,MEM,-17,0,17:19,3,7,0.429,2,3,0.667,0,0,NA,0,4,4,1,2,0,1,2,8,6.4,0,19
Kelly Oubre,24,17,2015-12-16,20,WAS,A,SAS,-19,0,24:43,6,15,0.4,2,7,0.286,4,4,1,2,1,3,0,0,0,0,3,18,10.4,-7,22.8
Kelly Oubre,25,18,2015-12-19,20,WAS,H,CHO,8,1,22:16,3,5,0.6,2,2,1,0,0,NA,1,4,5,0,0,1,0,4,8,6.7,-6,17.3
Kelly Oubre,26,19,2015-12-21,20,WAS,H,SAC,14,1,32:30,2,4,0.5,2,2,1,2,2,1,0,6,6,2,1,0,1,4,8,7.6,-4,21
Kelly Oubre,27,20,2015-12-23,20,WAS,H,MEM,9,1,20:04,3,6,0.5,2,2,1,2,2,1,4,3,7,0,0,0,0,4,10,9.1,15,19.8
Kelly Oubre,28,21,2015-12-26,20,WAS,A,BRK,15,1,31:37,5,7,0.714,2,4,0.5,0,0,NA,0,6,6,1,1,1,1,2,12,11.5,-3,25.5
Kelly Oubre,29,22,2015-12-28,20,WAS,H,LAC,-17,1,25:15,2,6,0.333,1,2,0.5,0,0,NA,1,4,5,1,0,0,0,2,5,3.4,-16,13.3
Kelly Oubre,30,23,2015-12-30,20,WAS,A,TOR,-3,0,13:50,1,3,0.333,0,1,0,0,0,NA,0,0,0,1,0,0,2,3,2,-2.2,-1,2.5
Kelly Oubre,31,24,2016-01-01,20,WAS,H,ORL,12,0,20:50,3,5,0.6,1,1,1,0,0,NA,1,4,5,0,1,0,0,1,7,7.2,13,15.8
Kelly Oubre,32,25,2016-01-03,20,WAS,H,MIA,-22,0,25:45,3,6,0.5,0,2,0,0,0,NA,1,7,8,1,1,0,2,1,6,5.1,-7,18.5
Kelly Oubre,33,26,2016-01-06,20,WAS,H,CLE,-6,0,10:24,2,4,0.5,0,1,0,0,1,0,0,1,1,1,0,0,1,0,4,1.6,-5,6.3
Kelly Oubre,34,27,2016-01-08,20,WAS,H,TOR,-9,0,10:10,1,2,0.5,1,2,0.5,1,2,0.5,1,0,1,0,0,0,1,2,4,1.5,1,5.3
Kelly Oubre,35,28,2016-01-09,20,WAS,A,ORL,6,0,15:25,0,0,NA,0,0,NA,0,0,NA,0,1,1,0,1,0,1,3,0,-0.9,-1,2.8
Kelly Oubre,36,29,2016-01-11,20,WAS,A,CHI,14,0,13:15,1,6,0.167,0,1,0,0,0,NA,1,2,3,0,0,2,0,0,2,0.9,8,9.8
Kelly Oubre,37,30,2016-01-13,20,WAS,H,MIL,5,0,9:25,1,3,0.333,1,2,0.5,2,2,1,0,1,1,0,2,0,1,2,5,3.8,9,10.3
Kelly Oubre,38,31,2016-01-15,20,WAS,A,IND,14,1,17:59,2,6,0.333,1,2,0.5,2,4,0.5,2,2,4,0,2,0,0,3,7,5.6,-2,16.5
Kelly Oubre,39,32,2016-01-16,20,WAS,H,BOS,-2,1,24:39,4,11,0.364,1,4,0.25,1,1,1,4,2,6,0,2,0,2,3,10,6.1,-1,21
Kelly Oubre,40,33,2016-01-18,20,WAS,H,POR,-10,1,11:36,0,2,0,0,1,0,0,0,NA,0,2,2,0,0,0,0,1,0,-1.2,-13,2.5
Kelly Oubre,41,34,2016-01-20,20,WAS,H,MIA,19,1,19:25,0,2,0,0,2,0,0,0,NA,0,2,2,0,1,1,1,2,0,-0.9,3,6
Kelly Oubre,42,35,2016-01-25,20,WAS,H,BOS,-25,0,8:26,2,3,0.667,0,1,0,0,0,NA,0,2,2,0,0,0,1,0,4,2.3,-3,6
Kelly Oubre,43,36,2016-01-26,20,WAS,A,TOR,-17,0,5:21,0,0,NA,0,0,NA,1,2,0.5,0,1,1,0,0,0,0,1,1,0.5,1,2.3
Kelly Oubre,44,37,2016-01-28,20,WAS,H,DEN,-4,0,7:14,0,1,0,0,1,0,0,0,NA,0,0,0,0,0,1,0,2,0,-0.8,-2,2
Kelly Oubre,45,38,2016-01-30,20,WAS,A,HOU,1,0,0:06,0,0,NA,0,0,NA,0,0,NA,0,0,0,0,0,0,0,0,0,0,-2,0
Kelly Oubre,46,39,2016-02-01,20,WAS,A,OKC,-16,0,1:45,1,1,1,0,0,NA,0,0,NA,0,0,0,0,0,0,0,1,2,1.3,-4,2
Kelly Oubre,48,40,2016-02-05,20,WAS,H,PHI,12,0,1:07,0,0,NA,0,0,NA,0,0,NA,0,0,0,0,0,0,0,0,0,0,-2,0
Kelly Oubre,49,41,2016-02-06,20,WAS,A,CHO,-4,0,4:01,0,0,NA,0,0,NA,0,0,NA,0,0,0,0,0,0,1,0,0,-1,0,-0.5
Kelly Oubre,50,42,2016-02-09,20,WAS,A,NYK,3,0,6:47,0,0,NA,0,0,NA,0,0,NA,0,1,1,0,0,0,0,1,0,-0.1,-3,1.3
Kelly Oubre,51,43,2016-02-11,20,WAS,A,MIL,-7,0,7:58,1,3,0.333,0,1,0,0,0,NA,1,0,1,0,0,0,0,2,2,0.2,-4,3.3
Kelly Oubre,52,44,2016-02-18,20,WAS,H,UTA,14,0,1:50,0,1,0,0,0,NA,0,0,NA,0,0,0,0,0,0,0,1,0,-1.1,-3,0
Kelly Oubre,53,45,2016-02-19,20,WAS,H,DET,12,0,2:27,0,0,NA,0,0,NA,2,2,1,0,2,2,0,0,0,0,1,2,2.2,-4,4.5
Kelly Oubre,54,46,2016-02-20,20,WAS,A,MIA,-20,0,4:43,1,3,0.333,0,1,0,1,1,1,0,2,2,0,0,0,0,3,3,0.7,1,5.5
Kelly Oubre,55,47,2016-02-23,20,WAS,H,NOP,20,0,8:55,4,5,0.8,0,0,NA,0,0,NA,0,2,2,0,0,0,2,1,8,4.3,-4,9.5
Kelly Oubre,58,48,2016-02-28,20,WAS,H,CLE,14,0,5:42,0,3,0,0,2,0,0,0,NA,0,1,1,0,0,0,1,3,0,-4,-13,0.8
Kelly Oubre,61,49,2016-03-04,20,WAS,A,CLE,-25,0,7:31,2,4,0.5,0,1,0,1,2,0.5,2,2,4,0,1,0,1,2,5,3.8,1,11.5
Kelly Oubre,63,50,2016-03-08,20,WAS,A,POR,-7,0,9:58,0,2,0,0,0,NA,0,2,0,0,3,3,0,1,0,0,2,0,-1.1,6,5.8
Kelly Oubre,64,51,2016-03-11,20,WAS,A,UTA,-21,0,2:17,1,1,1,1,1,1,0,0,NA,0,1,1,0,0,0,0,0,3,3,-2,4.8
Kelly Oubre,65,52,2016-03-12,20,WAS,A,DEN,-16,0,1:19,1,2,0.5,0,0,NA,0,0,NA,1,1,2,0,0,0,1,0,2,1,2,4
Kelly Oubre,66,53,2016-03-14,20,WAS,H,DET,43,0,9:37,2,4,0.5,0,0,NA,0,1,0,0,3,3,0,2,0,1,0,4,3.5,10,11.3
Kelly Oubre,67,54,2016-03-16,20,WAS,H,CHI,21,0,1:37,0,0,NA,0,0,NA,0,0,NA,0,0,0,0,1,0,1,1,0,-0.4,0,1.5
Kelly Oubre,70,55,2016-03-21,20,WAS,A,ATL,15,0,0:39,1,2,0.5,0,1,0,0,0,NA,1,0,1,0,0,0,0,0,2,1.7,0,3.3
Kelly Oubre,71,56,2016-03-23,20,WAS,H,ATL,-21,0,2:19,1,3,0.333,1,2,0.5,0,0,NA,1,1,2,1,0,0,1,0,3,2,0,7
Kelly Oubre,73,57,2016-03-27,20,WAS,A,LAL,13,0,1:07,0,0,NA,0,0,NA,0,0,NA,0,0,0,0,0,0,0,0,0,0,-3,0
Kelly Oubre,74,58,2016-03-29,20,WAS,A,GSW,-8,0,4:48,2,3,0.667,0,1,0,2,2,1,0,1,1,0,0,0,0,1,6,4.6,11,7.3
Kelly Oubre,75,59,2016-03-30,20,WAS,A,SAC,-9,0,3:56,2,3,0.667,0,1,0,0,0,NA,0,0,0,0,0,0,1,2,4,0.9,3,3.5
Kelly Oubre,78,60,2016-04-06,20,WAS,H,BRK,18,0,18:34,3,6,0.5,1,4,0.25,0,0,NA,1,3,4,1,1,0,1,4,7,4.7,5,15.5
Kelly Oubre,80,61,2016-04-10,20,WAS,H,CHO,15,0,17:20,2,6,0.333,0,2,0,0,0,NA,0,3,3,0,0,0,0,3,4,0.3,2,7.8
Kelly Oubre,81,62,2016-04-11,20,WAS,A,BRK,9,0,28:38,6,10,0.6,1,3,0.333,1,2,0.5,0,6,6,0,1,0,1,4,14,9.2,8,23.5
Kelly Oubre,82,63,2016-04-13,20,WAS,H,ATL,11,0,25:34,3,8,0.375,0,1,0,0,2,0,0,3,3,0,0,1,2,3,6,-0.8,-3,10.8
DeJuan Blair,3,1,2015-10-31,26,WAS,H,NYK,-7,0,4:21,0,1,0,0,0,NA,0,0,NA,1,0,1,0,0,0,2,2,0,-2.8,3,0.3
DeJuan Blair,5,2,2015-11-06,26,WAS,A,BOS,-20,0,7:40,0,1,0,0,0,NA,0,0,NA,1,1,2,0,1,0,3,5,0,-3.7,-6,3
DeJuan Blair,7,3,2015-11-10,26,WAS,H,OKC,-24,0,17:26,2,8,0.25,0,0,NA,0,0,NA,4,5,9,0,1,0,1,6,4,1.1,-4,16.8
DeJuan Blair,9,4,2015-11-17,26,WAS,H,MIL,29,0,4:34,0,1,0,0,0,NA,1,2,0.5,0,0,0,3,0,0,0,0,1,2,0,5.5
DeJuan Blair,11,5,2015-11-24,26,WAS,H,IND,-17,0,1:43,0,1,0,0,0,NA,0,0,NA,0,0,0,0,0,0,0,0,0,-0.7,-4,0
DeJuan Blair,13,6,2015-11-27,26,WAS,A,BOS,-33,0,14:57,0,2,0,0,0,NA,0,0,NA,2,3,5,0,1,0,2,2,0,-0.9,0,7.3
DeJuan Blair,17,7,2015-12-04,26,WAS,H,PHO,3,0,10:22,2,2,1,0,0,NA,0,2,0,4,0,4,2,0,0,0,2,4,6,-2,12
DeJuan Blair,18,8,2015-12-06,26,WAS,H,DAL,-12,0,12:14,3,3,1,0,0,NA,1,3,0.333,0,2,2,0,0,0,0,4,7,4.3,-9,9.5
DeJuan Blair,19,9,2015-12-07,26,WAS,A,MIA,11,0,1:23,0,2,0,0,0,NA,0,0,NA,1,0,1,0,0,0,0,0,0,-0.7,-2,1.3
DeJuan Blair,20,10,2015-12-09,26,WAS,H,HOU,-6,0,12:06,0,1,0,0,0,NA,0,0,NA,0,2,2,1,0,0,1,3,0,-1.6,11,3.5
DeJuan Blair,21,11,2015-12-11,26,WAS,A,NOP,-2,0,7:05,2,5,0.4,0,0,NA,1,2,0.5,2,1,3,0,0,0,1,0,5,2.6,3,8.3
DeJuan Blair,22,12,2015-12-12,26,WAS,A,DAL,3,0,8:08,0,3,0,0,1,0,0,0,NA,0,3,3,0,1,0,0,1,0,-0.6,-2,5.8
DeJuan Blair,23,13,2015-12-14,26,WAS,A,MEM,-17,0,22:04,3,5,0.6,0,0,NA,0,0,NA,1,3,4,1,1,1,0,5,6,5.7,-2,16.5
DeJuan Blair,24,14,2015-12-16,26,WAS,A,SAS,-19,0,8:27,1,3,0.333,0,0,NA,2,2,1,1,1,2,0,0,0,2,4,4,-0.3,-11,5.5
DeJuan Blair,26,15,2015-12-21,26,WAS,H,SAC,14,0,0:38,0,0,NA,0,0,NA,0,0,NA,0,0,0,0,0,0,0,0,0,0,0,0
DeJuan Blair,27,16,2015-12-23,26,WAS,H,MEM,9,0,8:30,2,4,0.5,0,0,NA,0,0,NA,0,1,1,0,1,0,0,2,4,2.5,1,7.3
DeJuan Blair,28,17,2015-12-26,26,WAS,A,BRK,15,0,6:25,1,4,0.25,0,0,NA,0,0,NA,0,1,1,0,0,0,0,3,2,-1.3,-14,3.3
DeJuan Blair,29,18,2015-12-28,26,WAS,H,LAC,-17,0,3:56,0,0,NA,0,0,NA,0,0,NA,0,2,2,0,0,1,1,1,0,-0.1,9,4
DeJuan Blair,36,19,2016-01-11,26,WAS,A,CHI,14,0,13:02,4,6,0.667,0,0,NA,0,0,NA,0,3,3,1,0,0,0,2,8,6.2,4,13.3
DeJuan Blair,37,20,2016-01-13,26,WAS,H,MIL,5,0,5:22,1,3,0.333,0,0,NA,0,0,NA,0,0,0,0,0,0,0,1,2,-0.1,-13,2
DeJuan Blair,38,21,2016-01-15,26,WAS,A,IND,14,0,22:49,6,8,0.75,0,0,NA,0,0,NA,3,3,6,1,2,0,1,4,12,11.9,7,24.5
DeJuan Blair,39,22,2016-01-16,26,WAS,H,BOS,-2,0,0:06,0,0,NA,0,0,NA,0,0,NA,0,0,0,0,0,0,0,0,0,0,0,0
DeJuan Blair,40,23,2016-01-18,26,WAS,H,POR,-10,0,1:37,0,0,NA,0,0,NA,0,0,NA,0,1,1,0,0,0,0,0,0,0.3,3,1.3
DeJuan Blair,41,24,2016-01-20,26,WAS,H,MIA,19,0,2:58,1,1,1,0,0,NA,0,0,NA,0,0,0,0,0,0,1,1,2,0.3,-1,1.5
DeJuan Blair,42,25,2016-01-25,26,WAS,H,BOS,-25,0,4:51,0,2,0,0,0,NA,0,0,NA,0,1,1,0,0,0,0,0,0,-1.1,-3,1.3
DeJuan Blair,43,26,2016-01-26,26,WAS,A,TOR,-17,0,1:57,0,0,NA,0,0,NA,0,0,NA,0,1,1,1,0,0,0,0,0,1,0,2.8
DeJuan Blair,46,27,2016-02-01,26,WAS,A,OKC,-16,0,6:17,0,1,0,0,0,NA,0,0,NA,0,0,0,1,0,0,0,2,0,-0.8,0,1.5
DeJuan Blair,48,28,2016-02-05,26,WAS,H,PHI,12,0,5:39,0,1,0,0,0,NA,0,2,0,0,3,3,0,0,0,0,1,0,-1,-8,3.8
DeJuan Blair,51,29,2016-02-11,26,WAS,A,MIL,-7,0,1:27,0,0,NA,0,0,NA,0,0,NA,0,0,0,0,0,0,0,2,0,-0.8,0,0
Marcin Gortat,1,1,2015-10-28,31,WAS,A,ORL,1,1,35:39,4,6,0.667,0,0,NA,2,2,1,2,6,8,2,0,2,2,1,10,11,14,26
Marcin Gortat,2,2,2015-10-30,31,WAS,A,MIL,5,1,26:29,3,6,0.5,0,0,NA,3,4,0.75,3,6,9,1,0,1,3,2,9,7.1,-12,22.3
Marcin Gortat,3,3,2015-10-31,31,WAS,H,NYK,-7,1,25:33,2,8,0.25,0,0,NA,5,6,0.833,1,4,5,1,1,0,4,5,9,1.4,-13,16.8
Marcin Gortat,4,4,2015-11-04,31,WAS,H,SAS,3,1,28:03,4,9,0.444,0,0,NA,2,2,1,0,8,8,1,0,1,3,3,10,4.9,4,22
Marcin Gortat,5,5,2015-11-06,31,WAS,A,BOS,-20,1,25:37,4,7,0.571,0,0,NA,2,3,0.667,1,7,8,5,1,3,1,2,10,13.9,6,35
Marcin Gortat,6,6,2015-11-07,31,WAS,A,ATL,-15,1,26:13,4,8,0.5,0,0,NA,2,2,1,1,9,10,1,2,1,3,1,10,9.4,-20,30
Marcin Gortat,7,7,2015-11-10,31,WAS,H,OKC,-24,1,27:12,5,11,0.455,0,0,NA,5,6,0.833,2,1,3,1,0,1,1,1,15,10.6,-19,21.8
Marcin Gortat,8,8,2015-11-14,31,WAS,H,ORL,9,1,27:49,4,9,0.444,0,0,NA,5,7,0.714,5,5,10,1,0,1,0,3,13,12.7,6,30.5
Marcin Gortat,9,9,2015-11-17,31,WAS,H,MIL,29,1,27:03,4,9,0.444,0,0,NA,4,6,0.667,1,8,9,1,0,0,1,1,12,8.9,22,24.3
Marcin Gortat,10,10,2015-11-21,31,WAS,A,DET,2,1,25:42,7,11,0.636,0,0,NA,0,0,NA,4,4,8,1,0,0,3,2,14,10,-22,24
Marcin Gortat,11,11,2015-11-24,31,WAS,H,IND,-17,1,23:40,4,10,0.4,0,0,NA,2,4,0.5,5,4,9,5,2,1,2,2,10,11.9,-15,33.8
Marcin Gortat,12,12,2015-11-25,31,WAS,A,CHO,-14,1,30:53,6,8,0.75,0,0,NA,5,6,0.833,4,8,12,0,1,2,2,3,17,17.8,-10,38.5
Marcin Gortat,13,13,2015-11-27,31,WAS,A,BOS,-33,1,29:15,1,8,0.125,0,0,NA,2,2,1,6,3,9,4,0,0,3,3,4,2.5,-23,19.8
Marcin Gortat,14,14,2015-11-28,31,WAS,H,TOR,-2,1,33:52,8,14,0.571,0,0,NA,0,1,0,3,7,10,1,1,1,2,4,16,12,-1,34.5
Marcin Gortat,15,15,2015-12-01,31,WAS,A,CLE,12,1,32:43,7,10,0.7,0,0,NA,1,2,0.5,0,11,11,0,1,4,3,5,15,12.5,8,38.8
Marcin Gortat,16,16,2015-12-02,31,WAS,H,LAL,-4,1,37:10,9,15,0.6,0,0,NA,0,0,NA,2,8,10,1,2,1,3,3,18,14.1,2,38
Marcin Gortat,20,17,2015-12-09,31,WAS,H,HOU,-6,1,35:53,7,10,0.7,0,0,NA,4,4,1,4,9,13,1,1,1,4,5,18,15.7,-17,39.3
Marcin Gortat,21,18,2015-12-11,31,WAS,A,NOP,-2,1,31:16,5,12,0.417,0,0,NA,0,2,0,2,6,8,2,0,1,1,1,10,6.7,7,24.5
Marcin Gortat,22,19,2015-12-12,31,WAS,A,DAL,3,1,32:02,7,9,0.778,0,0,NA,0,1,0,0,12,12,2,0,1,0,1,14,15.4,15,35.5
Marcin Gortat,23,20,2015-12-14,31,WAS,A,MEM,-17,1,25:56,4,11,0.364,0,0,NA,2,4,0.5,3,6,9,0,2,0,3,1,10,5.6,-15,23.8
Marcin Gortat,24,21,2015-12-16,31,WAS,A,SAS,-19,1,39:33,9,15,0.6,0,0,NA,2,2,1,2,8,10,2,1,3,1,0,20,20.4,-8,44.5
Marcin Gortat,25,22,2015-12-19,31,WAS,H,CHO,8,1,37:47,7,16,0.438,0,0,NA,4,4,1,3,3,6,1,1,2,4,1,18,11.3,16,31
Marcin Gortat,26,23,2015-12-21,31,WAS,H,SAC,14,1,36:42,12,19,0.632,0,0,NA,3,4,0.75,4,12,16,2,1,4,3,2,27,25.9,17,60
Marcin Gortat,27,24,2015-12-23,31,WAS,H,MEM,9,1,39:30,6,13,0.462,0,0,NA,0,0,NA,4,8,12,3,0,0,2,5,12,8.6,8,32
Marcin Gortat,28,25,2015-12-26,31,WAS,A,BRK,15,1,30:05,10,15,0.667,0,0,NA,5,6,0.833,2,5,7,3,1,1,2,4,25,21.2,19,41.3
Marcin Gortat,29,26,2015-12-28,31,WAS,H,LAC,-17,1,34:12,5,13,0.385,0,0,NA,2,2,1,2,14,16,0,1,0,1,2,12,9.7,-17,35
Marcin Gortat,30,27,2015-12-30,31,WAS,A,TOR,-3,1,36:05,5,15,0.333,0,0,NA,2,2,1,4,6,10,1,0,3,0,4,12,9.3,3,33.5
Marcin Gortat,31,28,2016-01-01,31,WAS,H,ORL,12,1,35:21,5,10,0.5,0,0,NA,0,0,NA,5,9,14,2,1,1,1,1,10,12.9,11,35.5
Marcin Gortat,32,29,2016-01-03,31,WAS,H,MIA,-22,1,27:57,6,11,0.545,0,0,NA,0,0,NA,8,5,13,1,1,0,3,3,12,11.3,-7,31.8
Marcin Gortat,33,30,2016-01-06,31,WAS,H,CLE,-6,1,30:21,6,9,0.667,0,0,NA,0,0,NA,2,4,6,3,2,0,0,2,12,14,-3,28
Marcin Gortat,34,31,2016-01-08,31,WAS,H,TOR,-9,1,35:17,5,11,0.455,0,0,NA,2,2,1,2,8,10,3,0,3,2,2,12,11.5,1,35.5
Marcin Gortat,35,32,2016-01-09,31,WAS,A,ORL,6,1,33:10,5,9,0.556,0,0,NA,2,4,0.5,2,8,10,1,1,1,1,3,12,10.9,11,31
Marcin Gortat,39,33,2016-01-16,31,WAS,H,BOS,-2,1,36:22,9,14,0.643,0,0,NA,0,0,NA,4,7,11,1,1,2,1,4,18,17.2,-5,40.3
Marcin Gortat,40,34,2016-01-18,31,WAS,H,POR,-10,1,36:53,7,10,0.7,0,0,NA,2,3,0.667,3,10,13,0,0,2,2,3,16,14.7,-9,36.8
Marcin Gortat,41,35,2016-01-20,31,WAS,H,MIA,19,1,35:11,7,12,0.583,0,0,NA,1,2,0.5,5,7,12,2,0,2,0,2,15,16.6,16,38.5
Marcin Gortat,42,36,2016-01-25,31,WAS,H,BOS,-25,1,29:27,3,5,0.6,0,0,NA,4,4,1,3,8,11,2,0,1,3,4,10,9.7,-24,28.8
Marcin Gortat,43,37,2016-01-26,31,WAS,A,TOR,-17,1,31:54,3,8,0.375,0,0,NA,3,4,0.75,1,7,8,1,2,2,1,3,9,8.9,-4,28
Marcin Gortat,44,38,2016-01-28,31,WAS,H,DEN,-4,1,29:09,5,8,0.625,0,0,NA,2,2,1,4,6,10,1,0,2,2,3,12,11.9,-4,30.5
Marcin Gortat,45,39,2016-01-30,31,WAS,A,HOU,1,1,27:03,4,4,1,0,0,NA,5,7,0.714,5,6,11,2,1,2,2,3,13,16.9,-2,36.3
Marcin Gortat,46,40,2016-02-01,31,WAS,A,OKC,-16,1,25:09,8,12,0.667,0,0,NA,1,4,0.25,1,5,6,0,1,0,1,2,17,12,-14,26
Marcin Gortat,47,41,2016-02-03,31,WAS,H,GSW,-13,1,28:23,4,8,0.5,0,0,NA,1,2,0.5,1,7,8,0,2,1,3,2,9,6.3,1,23.5
Marcin Gortat,48,42,2016-02-05,31,WAS,H,PHI,12,1,34:25,10,16,0.625,0,0,NA,1,2,0.5,4,9,13,3,0,1,2,5,21,17.7,26,44.3
Marcin Gortat,49,43,2016-02-06,31,WAS,A,CHO,-4,1,35:02,4,9,0.444,0,0,NA,3,4,0.75,1,12,13,2,0,1,0,2,11,11.5,-13,33.8
Marcin Gortat,50,44,2016-02-09,31,WAS,A,NYK,3,1,27:43,6,9,0.667,0,0,NA,2,2,1,1,9,10,1,0,2,2,4,14,12,6,32.5
Marcin Gortat,51,45,2016-02-11,31,WAS,A,MIL,-7,1,23:08,7,13,0.538,0,1,0,0,0,NA,3,7,10,1,1,0,3,3,14,9.4,11,30
Marcin Gortat,52,46,2016-02-18,32,WAS,H,UTA,14,1,29:40,9,12,0.75,0,0,NA,4,5,0.8,4,6,10,0,2,5,1,3,22,24.7,13,49.5
Marcin Gortat,53,47,2016-02-19,32,WAS,H,DET,12,1,29:03,6,10,0.6,0,0,NA,3,4,0.75,4,5,9,2,0,2,1,3,15,14.9,21,32.8
Marcin Gortat,54,48,2016-02-20,32,WAS,A,MIA,-20,1,30:44,6,12,0.5,0,0,NA,2,5,0.4,6,7,13,2,1,0,0,1,14,15.1,-11,36.8
Marcin Gortat,55,49,2016-02-23,32,WAS,H,NOP,20,1,30:07,10,16,0.625,0,0,NA,1,2,0.5,5,6,11,1,1,2,1,2,21,20,24,43.3
Marcin Gortat,56,50,2016-02-24,32,WAS,A,CHI,-5,1,27:21,4,7,0.571,0,0,NA,0,0,NA,4,4,8,0,0,1,0,3,8,8.2,-12,20
Marcin Gortat,57,51,2016-02-26,32,WAS,A,PHI,9,1,26:17,6,9,0.667,0,0,NA,0,0,NA,5,6,11,0,1,1,0,2,12,14.3,-8,31.3
Marcin Gortat,58,52,2016-02-28,32,WAS,H,CLE,14,1,25:29,6,8,0.75,0,0,NA,1,2,0.5,3,6,9,3,0,1,0,0,13,16.1,24,30.8
Marcin Gortat,59,53,2016-02-29,32,WAS,H,PHI,8,1,40:50,7,14,0.5,0,0,NA,4,5,0.8,7,13,20,5,0,3,1,2,18,23.2,8,57.5
Marcin Gortat,60,54,2016-03-02,32,WAS,A,MIN,6,1,26:14,6,9,0.667,0,0,NA,0,0,NA,0,4,4,0,0,1,2,2,12,7.2,-6,18
Marcin Gortat,61,55,2016-03-04,32,WAS,A,CLE,-25,1,24:59,4,8,0.5,0,0,NA,2,2,1,1,8,9,0,0,3,2,3,10,8,-18,26.3
Marcin Gortat,62,56,2016-03-05,32,WAS,H,IND,-1,1,33:22,3,8,0.375,0,0,NA,2,4,0.5,7,10,17,2,1,4,1,1,8,14.5,5,41.8
Marcin Gortat,63,57,2016-03-08,32,WAS,A,POR,-7,1,32:57,8,12,0.667,0,0,NA,3,4,0.75,5,5,10,1,0,1,3,6,19,14.4,2,35
Marcin Gortat,64,58,2016-03-11,32,WAS,A,UTA,-21,1,18:32,3,3,1,0,0,NA,2,2,1,0,4,4,1,0,1,1,5,8,6.7,-6,16
Marcin Gortat,65,59,2016-03-12,32,WAS,A,DEN,-16,1,8:00,1,5,0.2,0,0,NA,0,0,NA,1,1,2,0,0,0,0,4,2,-1.7,0,4.5
Marcin Gortat,66,60,2016-03-14,32,WAS,H,DET,43,1,24:41,8,13,0.615,0,0,NA,0,0,NA,1,5,6,2,1,0,0,4,16,13.1,28,28.5
Marcin Gortat,67,61,2016-03-16,32,WAS,H,CHI,21,0,18:19,4,9,0.444,0,0,NA,1,1,1,2,4,6,0,1,1,0,3,9,7.4,-5,20.5
Marcin Gortat,68,62,2016-03-17,32,WAS,A,PHI,5,1,33:57,8,10,0.8,0,0,NA,0,2,0,2,11,13,0,0,0,3,2,16,12.3,3,32.3
Marcin Gortat,69,63,2016-03-19,32,WAS,H,NYK,10,1,33:02,7,10,0.7,0,0,NA,1,1,1,2,9,11,2,0,1,1,3,15,14.8,23,34.8
Marcin Gortat,70,64,2016-03-21,32,WAS,A,ATL,15,1,29:48,6,9,0.667,0,0,NA,3,4,0.75,3,4,7,0,1,0,2,1,15,12.6,19,24.8
Marcin Gortat,71,65,2016-03-23,32,WAS,H,ATL,-21,1,33:06,5,10,0.5,0,0,NA,4,5,0.8,4,10,14,3,1,1,1,0,14,17.2,-2,41
Marcin Gortat,72,66,2016-03-25,32,WAS,H,MIN,-3,1,42:40,8,11,0.727,0,0,NA,3,8,0.375,8,6,14,2,1,0,5,2,19,16.5,-2,40.5
Marcin Gortat,73,67,2016-03-27,32,WAS,A,LAL,13,1,34:03,6,10,0.6,0,0,NA,4,4,1,1,9,10,0,1,2,0,0,16,17.2,14,36
Marcin Gortat,74,68,2016-03-29,32,WAS,A,GSW,-8,1,25:36,4,6,0.667,0,0,NA,1,2,0.5,3,7,10,1,0,0,0,2,9,10.1,-8,23
Marcin Gortat,75,69,2016-03-30,32,WAS,A,SAC,-9,1,29:12,2,9,0.222,0,0,NA,2,4,0.5,5,7,12,0,3,1,2,2,6,6.2,-10,28
Marcin Gortat,76,70,2016-04-01,32,WAS,A,PHO,7,1,29:06,4,10,0.4,0,0,NA,3,5,0.6,3,8,11,0,0,2,0,2,11,9.9,7,30.3
Marcin Gortat,77,71,2016-04-03,32,WAS,A,LAC,-5,1,28:38,10,12,0.833,0,0,NA,1,2,0.5,3,4,7,1,0,0,1,5,21,17.2,2,30.8
Marcin Gortat,78,72,2016-04-06,32,WAS,H,BRK,18,1,25:25,6,10,0.6,0,0,NA,4,4,1,4,8,12,1,0,4,0,2,16,19.3,9,42
Marcin Gortat,79,73,2016-04-08,32,WAS,A,DET,-13,1,26:06,4,9,0.444,0,0,NA,0,0,NA,2,2,4,3,0,0,3,5,8,2.4,-15,16
Marcin Gortat,80,74,2016-04-10,32,WAS,H,CHO,15,1,30:51,10,11,0.909,0,0,NA,1,2,0.5,1,12,13,4,0,1,2,3,21,21.5,3,45.8
Marcin Gortat,81,75,2016-04-11,32,WAS,A,BRK,9,1,23:56,5,7,0.714,0,0,NA,1,2,0.5,1,6,7,1,0,0,2,2,11,8.1,7,20.3
Otto Porter,1,1,2015-10-28,22,WAS,A,ORL,1,1,36:55,3,10,0.3,1,5,0.2,0,0,NA,2,6,8,5,2,0,1,1,7,8.5,19,28.5
Otto Porter,2,2,2015-10-30,22,WAS,A,MIL,5,1,30:59,2,5,0.4,1,3,0.333,1,2,0.5,0,4,4,3,1,1,3,3,6,3.7,-17,18.5
Otto Porter,3,3,2015-10-31,22,WAS,H,NYK,-7,1,35:00,7,13,0.538,0,4,0,2,2,1,2,7,9,1,2,0,1,3,16,13.7,-10,32.3
Otto Porter,4,4,2015-11-04,22,WAS,H,SAS,3,1,37:30,8,10,0.8,1,1,1,2,2,1,1,1,2,2,0,1,1,1,19,16.9,12,26.5
Otto Porter,5,5,2015-11-06,22,WAS,A,BOS,-20,1,23:51,4,8,0.5,0,3,0,1,1,1,0,1,1,3,1,0,1,4,9,5.8,-7,16.3
Otto Porter,6,6,2015-11-07,22,WAS,A,ATL,-15,1,39:23,8,12,0.667,3,5,0.6,4,4,1,1,2,3,1,1,0,1,2,23,19,-12,31.3
Otto Porter,7,7,2015-11-10,22,WAS,H,OKC,-24,1,27:56,4,9,0.444,0,3,0,6,7,0.857,1,4,5,0,2,0,1,2,14,11,-21,23.8
Otto Porter,8,8,2015-11-14,22,WAS,H,ORL,9,1,36:09,4,13,0.308,1,5,0.2,0,0,NA,0,10,10,4,4,1,1,3,9,9.8,20,37.5
Otto Porter,9,9,2015-11-17,22,WAS,H,MIL,29,1,30:21,7,11,0.636,1,3,0.333,4,5,0.8,1,1,2,4,3,1,2,4,19,17.6,32,35
Otto Porter,10,10,2015-11-21,22,WAS,A,DET,2,1,31:15,6,12,0.5,2,3,0.667,3,4,0.75,2,3,5,1,2,0,1,2,17,13.8,-4,29.3
Otto Porter,11,11,2015-11-24,22,WAS,H,IND,-17,1,24:59,2,8,0.25,1,4,0.25,2,2,1,2,1,3,3,2,0,0,4,7,6.4,-15,19.8
Otto Porter,12,12,2015-11-25,22,WAS,A,CHO,-14,1,27:00,1,6,0.167,1,5,0.2,0,0,NA,1,0,1,3,0,0,2,2,3,-0.8,-9,8.3
Otto Porter,13,13,2015-11-27,22,WAS,A,BOS,-33,1,21:40,3,8,0.375,0,2,0,0,0,NA,1,4,5,0,2,0,1,3,6,3.3,-8,15.8
Otto Porter,14,14,2015-11-28,22,WAS,H,TOR,-2,1,38:48,3,10,0.3,3,5,0.6,4,4,1,2,3,5,2,1,0,3,1,13,8.5,-8,24.3
Otto Porter,15,15,2015-12-01,22,WAS,A,CLE,12,1,41:48,3,8,0.375,0,2,0,0,0,NA,0,5,5,2,0,1,1,4,6,2.6,20,16.8
Otto Porter,16,16,2015-12-02,22,WAS,H,LAL,-4,1,30:16,2,8,0.25,0,4,0,3,4,0.75,0,6,6,1,0,0,2,1,7,1.9,-3,15
Otto Porter,17,17,2015-12-04,22,WAS,H,PHO,3,1,36:13,6,11,0.545,0,1,0,1,1,1,5,2,7,0,1,2,5,2,13,8.4,1,25.3
Otto Porter,18,18,2015-12-06,22,WAS,H,DAL,-12,1,36:11,7,17,0.412,1,6,0.167,0,0,NA,3,8,11,2,1,0,1,2,15,11,-5,35.3
Otto Porter,19,19,2015-12-07,22,WAS,A,MIA,11,1,35:48,5,15,0.333,0,2,0,3,6,0.5,3,11,14,4,2,1,1,2,13,12.4,13,43.5
Otto Porter,20,20,2015-12-09,22,WAS,H,HOU,-6,1,29:28,5,12,0.417,1,2,0.5,2,3,0.667,3,2,5,1,1,0,0,5,13,8.6,-2,23.3
Otto Porter,21,21,2015-12-11,22,WAS,A,NOP,-2,1,33:50,6,11,0.545,2,5,0.4,1,2,0.5,1,6,7,2,2,0,1,3,15,13,2,31.3
Otto Porter,22,22,2015-12-12,22,WAS,A,DAL,3,1,39:29,11,18,0.611,4,8,0.5,2,2,1,2,4,6,3,1,1,1,2,28,24.4,8,45.5
Otto Porter,23,23,2015-12-14,22,WAS,A,MEM,-17,1,26:54,1,8,0.125,0,1,0,0,0,NA,0,3,3,4,1,0,0,1,2,1.1,-16,13.8
Otto Porter,24,24,2015-12-16,22,WAS,A,SAS,-19,1,22:56,1,6,0.167,0,2,0,0,0,NA,0,2,2,1,3,0,0,2,2,1.7,-14,12
Otto Porter,28,25,2015-12-26,22,WAS,A,BRK,15,0,18:52,2,7,0.286,1,3,0.333,2,2,1,0,3,3,0,2,0,0,1,7,5.4,12,15.3
Otto Porter,29,26,2015-12-28,22,WAS,H,LAC,-17,0,32:47,8,12,0.667,3,5,0.6,2,4,0.5,4,4,8,2,2,0,1,3,21,20.2,-9,39
Otto Porter,30,27,2015-12-30,22,WAS,A,TOR,-3,1,36:17,8,14,0.571,3,5,0.6,1,2,0.5,1,8,9,2,0,0,2,3,20,14.3,-4,34.8
Otto Porter,31,28,2016-01-01,22,WAS,H,ORL,12,1,38:33,9,20,0.45,2,8,0.25,0,0,NA,2,9,11,3,4,1,1,1,20,19.1,9,50.3
Otto Porter,32,29,2016-01-03,22,WAS,H,MIA,-22,1,31:27,3,7,0.429,0,3,0,0,0,NA,1,5,6,3,1,0,1,0,6,6.6,-22,19.5
Otto Porter,33,30,2016-01-06,22,WAS,H,CLE,-6,1,33:20,4,7,0.571,2,4,0.5,2,3,0.667,2,5,7,2,2,1,1,3,12,13.1,2,30.3
Otto Porter,34,31,2016-01-08,22,WAS,H,TOR,-9,1,36:26,6,10,0.6,1,3,0.333,3,3,1,1,4,5,3,2,1,1,4,16,15.5,-9,32.8
Otto Porter,35,32,2016-01-09,22,WAS,A,ORL,6,1,35:01,6,9,0.667,2,4,0.5,2,2,1,1,1,2,2,4,0,1,3,16,16.3,5,30
Otto Porter,36,33,2016-01-11,22,WAS,A,CHI,14,1,31:40,6,13,0.462,2,5,0.4,0,0,NA,1,7,8,2,2,0,0,3,14,12.3,6,32
Otto Porter,37,34,2016-01-13,22,WAS,H,MIL,5,1,20:30,4,12,0.333,1,4,0.25,1,2,0.5,1,1,2,1,1,0,2,3,10,2.3,11,15.5
Otto Porter,42,35,2016-01-25,22,WAS,H,BOS,-25,1,29:48,6,11,0.545,2,4,0.5,1,2,0.5,1,5,6,2,0,0,1,2,15,11.1,-17,26
Otto Porter,43,36,2016-01-26,22,WAS,A,TOR,-17,1,35:33,7,11,0.636,1,2,0.5,0,0,NA,2,6,8,2,4,0,0,4,15,17.1,-9,36.5
Otto Porter,44,37,2016-01-28,22,WAS,H,DEN,-4,1,15:28,0,3,0,0,2,0,2,2,1,0,2,2,0,1,0,0,2,2,0.7,-10,6.5
Otto Porter,45,38,2016-01-30,22,WAS,A,HOU,1,1,12:01,4,9,0.444,1,5,0.2,0,0,NA,1,2,3,0,0,0,0,0,9,5.6,5,13.3
Otto Porter,46,39,2016-02-01,22,WAS,A,OKC,-16,1,21:18,6,9,0.667,1,3,0.333,0,0,NA,0,0,0,0,1,0,0,2,13,9.3,-8,15.5
Otto Porter,47,40,2016-02-03,22,WAS,H,GSW,-13,1,32:08,3,6,0.5,0,2,0,3,4,0.75,0,3,3,2,4,0,1,2,9,10.1,-6,23.3
Otto Porter,48,41,2016-02-05,22,WAS,H,PHI,12,1,25:19,2,8,0.25,1,5,0.2,0,0,NA,2,2,4,1,1,1,1,1,5,3.2,4,15.5
Otto Porter,49,42,2016-02-06,22,WAS,A,CHO,-4,1,39:01,7,14,0.5,2,5,0.4,4,6,0.667,2,6,8,0,4,1,1,1,20,18.7,3,40.5
Otto Porter,50,43,2016-02-09,22,WAS,A,NYK,3,1,28:12,5,6,0.833,3,3,1,0,0,NA,0,2,2,2,1,0,0,3,13,12.6,-6,22
Otto Porter,51,44,2016-02-11,22,WAS,A,MIL,-7,1,37:59,6,15,0.4,1,5,0.2,1,2,0.5,2,2,4,2,1,1,1,3,14,8.4,6,26
Otto Porter,52,45,2016-02-18,22,WAS,H,UTA,14,1,31:42,4,8,0.5,1,3,0.333,0,1,0,0,3,3,1,3,2,0,4,9,9,12,24.8
Otto Porter,53,46,2016-02-19,22,WAS,H,DET,12,1,31:08,4,7,0.571,3,4,0.75,0,0,NA,0,6,6,1,0,0,0,0,11,10.2,29,21.5
Otto Porter,54,47,2016-02-20,22,WAS,A,MIA,-20,1,32:28,3,8,0.375,0,3,0,1,2,0.5,1,6,7,0,1,1,0,1,7,6,-13,19.8
Otto Porter,55,48,2016-02-23,22,WAS,H,NOP,20,1,25:59,2,3,0.667,1,2,0.5,1,2,0.5,1,4,5,1,2,0,0,2,6,8.1,22,18.3
Otto Porter,56,49,2016-02-24,22,WAS,A,CHI,-5,1,16:57,1,3,0.333,0,0,NA,0,0,NA,1,1,2,0,0,0,0,1,2,0.9,-18,4.5
Otto Porter,57,50,2016-02-26,22,WAS,A,PHI,9,1,29:20,4,12,0.333,1,4,0.25,0,0,NA,4,6,10,1,3,1,1,1,9,9.8,2,31
Otto Porter,58,51,2016-02-28,22,WAS,H,CLE,14,1,26:57,6,9,0.667,4,6,0.667,5,7,0.714,0,5,5,3,0,1,1,3,21,18.4,21,35.3
Otto Porter,59,52,2016-02-29,22,WAS,H,PHI,8,1,25:57,4,10,0.4,2,6,0.333,0,0,NA,3,3,6,3,0,1,4,0,10,6.4,1,23
Otto Porter,60,53,2016-03-02,22,WAS,A,MIN,6,1,18:13,2,5,0.4,1,2,0.5,0,0,NA,0,2,2,1,1,0,3,0,5,1.6,-9,10
Otto Porter,61,54,2016-03-04,22,WAS,A,CLE,-25,1,27:48,1,5,0.2,0,1,0,2,4,0.5,2,2,4,0,0,0,1,2,4,0.3,-18,8.5
Otto Porter,62,55,2016-03-05,22,WAS,H,IND,-1,1,19:32,3,6,0.5,0,1,0,0,0,NA,2,1,3,2,0,0,1,4,6,3.5,-6,12.3
Otto Porter,63,56,2016-03-08,22,WAS,A,POR,-7,1,29:52,3,8,0.375,1,2,0.5,0,0,NA,1,3,4,0,2,0,0,0,7,6.2,-5,16.5
Otto Porter,64,57,2016-03-11,22,WAS,A,UTA,-21,1,30:12,3,7,0.429,0,3,0,0,0,NA,0,2,2,1,0,0,1,2,6,1.8,-15,9.5
Otto Porter,65,58,2016-03-12,22,WAS,A,DEN,-16,1,32:52,8,16,0.5,2,3,0.667,5,6,0.833,2,0,2,1,5,0,2,5,23,17.7,5,37
Otto Porter,66,59,2016-03-14,22,WAS,H,DET,43,1,32:29,5,9,0.556,1,2,0.5,0,0,NA,0,6,6,3,1,2,2,1,11,10.6,27,28.5
Otto Porter,67,60,2016-03-16,22,WAS,H,CHI,21,1,36:24,5,9,0.556,3,4,0.75,1,2,0.5,0,5,5,2,1,2,0,3,14,13.4,35,30.8
Otto Porter,68,61,2016-03-17,22,WAS,A,PHI,5,1,33:15,5,8,0.625,2,3,0.667,0,0,NA,2,3,5,1,3,0,0,2,12,13.6,0,26.8
Otto Porter,69,62,2016-03-19,22,WAS,H,NYK,10,1,29:43,6,15,0.4,3,7,0.429,0,0,NA,2,4,6,1,0,0,0,2,15,9.4,16,25.5
Otto Porter,70,63,2016-03-21,22,WAS,A,ATL,15,1,36:03,6,15,0.4,2,5,0.4,2,2,1,4,6,10,3,2,1,0,2,16,16.5,12,41.5
Otto Porter,71,64,2016-03-23,22,WAS,H,ATL,-21,1,34:10,5,10,0.5,1,4,0.25,0,0,NA,0,6,6,0,0,0,1,2,11,6,-10,18.5
Otto Porter,72,65,2016-03-25,22,WAS,H,MIN,-3,1,44:53,6,13,0.462,2,3,0.667,0,0,NA,4,9,13,1,0,1,0,5,14,12.2,-1,36.3
Otto Porter,73,66,2016-03-27,22,WAS,A,LAL,13,1,31:58,6,9,0.667,2,4,0.5,0,0,NA,2,4,6,0,1,0,2,3,14,10.5,12,23.5
Otto Porter,74,67,2016-03-29,22,WAS,A,GSW,-8,1,34:14,4,9,0.444,0,1,0,3,4,0.75,0,6,6,0,2,2,0,2,11,10.3,-19,26.5
Otto Porter,75,68,2016-03-30,22,WAS,A,SAC,-9,1,27:56,8,11,0.727,4,7,0.571,0,0,NA,0,1,1,4,0,0,0,4,20,17,-3,29.3
Otto Porter,76,69,2016-04-01,22,WAS,A,PHO,7,1,33:55,3,9,0.333,1,4,0.25,4,4,1,4,3,7,2,0,0,1,0,11,10,5,22.8
Otto Porter,77,70,2016-04-03,22,WAS,A,LAC,-5,1,32:14,5,9,0.556,4,7,0.571,0,0,NA,1,7,8,1,1,0,2,2,14,11.4,0,28.5
Otto Porter,78,71,2016-04-06,22,WAS,H,BRK,18,1,29:26,6,9,0.667,0,2,0,3,4,0.75,0,6,6,3,0,2,1,1,15,14.6,13,30.5
Otto Porter,79,72,2016-04-08,22,WAS,A,DET,-13,1,30:46,1,5,0.2,1,1,1,0,0,NA,4,4,8,0,1,0,0,1,3,4.5,-10,15.5
Otto Porter,80,73,2016-04-10,22,WAS,H,CHO,15,1,22:18,4,6,0.667,2,2,1,0,0,NA,0,2,2,0,0,0,0,1,10,7.6,8,13.5
Otto Porter,81,74,2016-04-11,22,WAS,A,BRK,9,1,18:28,3,5,0.6,2,3,0.667,2,2,1,0,2,2,0,1,0,1,3,10,7.1,-1,15
Otto Porter,82,75,2016-04-13,22,WAS,H,ATL,11,1,22:26,2,7,0.286,0,4,0,1,1,1,0,3,3,1,3,1,0,1,5,5.8,14,18.3
Jared Dudley,2,1,2015-10-30,30,WAS,A,MIL,5,0,25:22,2,3,0.667,1,1,1,1,2,0.5,0,6,6,2,1,1,1,3,6,7,15,20.5
Jared Dudley,3,2,2015-10-31,30,WAS,H,NYK,-7,0,17:49,0,2,0,0,2,0,0,0,NA,0,3,3,1,1,0,1,3,0,-1,-2,6.8
Jared Dudley,4,3,2015-11-04,30,WAS,H,SAS,3,0,17:12,2,3,0.667,0,1,0,0,0,NA,0,2,2,1,1,0,1,1,4,3.6,14,9.5
Jared Dudley,5,4,2015-11-06,30,WAS,A,BOS,-20,0,27:08,3,7,0.429,1,4,0.25,1,2,0.5,1,6,7,1,1,0,2,0,8,6.1,-23,19.8
Jared Dudley,6,5,2015-11-07,30,WAS,A,ATL,-15,0,20:14,2,5,0.4,0,2,0,0,0,NA,0,1,1,0,0,1,1,0,4,1.3,4,6.8
Jared Dudley,7,6,2015-11-10,30,WAS,H,OKC,-24,0,17:22,1,5,0.2,1,3,0.333,0,0,NA,1,2,3,0,1,0,0,0,3,2.2,3,9.3
Jared Dudley,8,7,2015-11-14,30,WAS,H,ORL,9,0,19:55,1,2,0.5,1,2,0.5,2,2,1,0,5,5,1,0,0,0,1,5,5.8,0,13.3
Jared Dudley,9,8,2015-11-17,30,WAS,H,MIL,29,0,22:42,4,6,0.667,3,4,0.75,2,2,1,1,6,7,2,0,1,0,0,13,15,34,28.3
Jared Dudley,10,9,2015-11-21,30,WAS,A,DET,2,0,27:08,3,4,0.75,2,2,1,1,1,1,1,0,1,0,1,0,1,2,9,7.3,15,12.8
Jared Dudley,11,10,2015-11-24,30,WAS,H,IND,-17,0,27:24,2,4,0.5,1,3,0.333,0,0,NA,0,2,2,2,0,0,1,2,5,3.2,2,10.5
Jared Dudley,12,11,2015-11-25,30,WAS,A,CHO,-14,0,24:22,1,5,0.2,1,2,0.5,4,4,1,0,3,3,1,1,0,0,2,7,5.7,-7,14.8
Jared Dudley,13,12,2015-11-27,30,WAS,A,BOS,-33,0,30:16,5,9,0.556,3,4,0.75,6,7,0.857,1,4,5,1,0,2,4,2,19,13.5,-24,30.3
Jared Dudley,14,13,2015-11-28,30,WAS,H,TOR,-2,1,30:00,3,7,0.429,1,3,0.333,0,0,NA,1,3,4,2,0,0,1,2,7,4.5,7,15
Jared Dudley,15,14,2015-12-01,30,WAS,A,CLE,12,1,31:38,5,7,0.714,2,4,0.5,0,0,NA,0,2,2,3,0,0,2,2,12,9,9,19
Jared Dudley,16,15,2015-12-02,30,WAS,H,LAL,-4,1,31:41,3,5,0.6,2,4,0.5,0,0,NA,0,3,3,1,1,0,2,3,8,5.1,-11,15.3
Jared Dudley,17,16,2015-12-04,30,WAS,H,PHO,3,1,23:04,0,7,0,0,3,0,3,4,0.75,0,1,1,1,2,0,1,2,3,-1.1,-4,9.3
Jared Dudley,18,17,2015-12-06,30,WAS,H,DAL,-12,1,33:49,2,7,0.286,1,3,0.333,1,1,1,1,2,3,3,1,0,1,3,6,4.1,-3,16.3
Jared Dudley,19,18,2015-12-07,30,WAS,A,MIA,11,1,34:41,4,9,0.444,2,4,0.5,2,3,0.667,2,2,4,1,1,0,1,3,12,8.4,6,21
Jared Dudley,20,19,2015-12-09,30,WAS,H,HOU,-6,1,24:11,3,5,0.6,2,3,0.667,2,2,1,0,2,2,1,2,0,0,3,10,9.8,2,19
Jared Dudley,21,20,2015-12-11,30,WAS,A,NOP,-2,1,37:56,3,7,0.429,2,4,0.5,0,0,NA,0,3,3,3,4,0,1,4,8,8.7,-10,24.8
Jared Dudley,22,21,2015-12-12,30,WAS,A,DAL,3,1,33:15,5,11,0.455,3,5,0.6,0,0,NA,2,5,7,2,0,0,1,5,13,8.6,-10,25.8
Jared Dudley,23,22,2015-12-14,30,WAS,A,MEM,-17,1,27:24,6,10,0.6,2,3,0.667,0,2,0,2,4,6,1,1,0,1,1,14,11.5,-17,25.5
Jared Dudley,24,23,2015-12-16,30,WAS,A,SAS,-19,0,19:12,1,1,1,0,0,NA,0,0,NA,0,2,2,0,0,0,0,1,2,1.9,-8,4.5
Jared Dudley,25,24,2015-12-19,30,WAS,H,CHO,8,1,41:27,7,10,0.7,3,5,0.6,2,2,1,0,9,9,4,2,0,0,3,19,21.1,4,41.8
Jared Dudley,26,25,2015-12-21,30,WAS,H,SAC,14,1,41:28,5,8,0.625,3,5,0.6,0,0,NA,0,4,4,3,1,0,2,2,13,10.9,17,25
Jared Dudley,27,26,2015-12-23,30,WAS,H,MEM,9,1,30:59,5,7,0.714,1,2,0.5,0,0,NA,2,4,6,3,1,0,1,4,11,11.2,11,25
Jared Dudley,28,27,2015-12-26,30,WAS,A,BRK,15,1,28:38,1,4,0.25,1,2,0.5,0,0,NA,2,1,3,3,1,0,0,4,3,3.8,16,13.8
Jared Dudley,29,28,2015-12-28,30,WAS,H,LAC,-17,1,13:15,0,3,0,0,1,0,0,0,NA,0,0,0,0,0,0,1,0,0,-3.1,-23,-0.5
Jared Dudley,30,29,2015-12-30,30,WAS,A,TOR,-3,1,36:16,6,10,0.6,3,6,0.5,2,3,0.667,1,2,3,3,3,0,1,4,17,15.8,-2,32.3
Jared Dudley,31,30,2016-01-01,30,WAS,H,ORL,12,1,32:40,3,11,0.273,1,5,0.2,0,0,NA,1,3,4,0,2,0,0,0,7,4.1,12,16.5
Jared Dudley,32,31,2016-01-03,30,WAS,H,MIA,-22,1,27:52,2,6,0.333,0,3,0,0,0,NA,0,4,4,1,0,0,0,1,4,2.1,-9,10.5
Jared Dudley,33,32,2016-01-06,30,WAS,H,CLE,-6,1,34:41,3,7,0.429,2,4,0.5,4,5,0.8,1,4,5,4,1,0,1,3,12,11.4,-5,26.8
Jared Dudley,34,33,2016-01-08,30,WAS,H,TOR,-9,1,29:15,1,4,0.25,1,3,0.333,2,2,1,0,4,4,4,2,0,2,2,5,5.8,-4,19.5
Jared Dudley,35,34,2016-01-09,30,WAS,A,ORL,6,1,38:01,6,11,0.545,4,6,0.667,0,0,NA,1,2,3,4,0,0,0,5,16,12.8,1,27.8
Jared Dudley,36,35,2016-01-11,30,WAS,A,CHI,14,1,29:50,3,5,0.6,2,3,0.667,0,0,NA,1,1,2,4,0,0,2,4,8,5.9,3,16.5
Jared Dudley,37,36,2016-01-13,30,WAS,H,MIL,5,1,32:04,5,10,0.5,3,6,0.5,0,0,NA,3,3,6,0,3,0,0,4,13,12.4,-3,28
Jared Dudley,38,37,2016-01-15,30,WAS,A,IND,14,1,30:04,1,3,0.333,1,2,0.5,0,0,NA,1,6,7,1,0,0,0,2,3,3.7,14,13.8
Jared Dudley,39,38,2016-01-16,30,WAS,H,BOS,-2,1,41:26,6,12,0.5,2,6,0.333,1,2,0.5,4,3,7,4,1,0,3,6,15,10.7,-3,31.3
Jared Dudley,40,39,2016-01-18,30,WAS,H,POR,-10,1,36:58,4,8,0.5,2,4,0.5,0,2,0,0,1,1,4,1,0,0,3,10,8.1,-2,20.3
Jared Dudley,41,40,2016-01-20,30,WAS,H,MIA,19,0,25:30,5,9,0.556,0,1,0,0,0,NA,0,1,1,4,2,0,0,2,10,10,22,21.3
Jared Dudley,42,41,2016-01-25,30,WAS,H,BOS,-25,0,31:28,5,7,0.714,2,3,0.667,3,4,0.75,0,2,2,1,1,0,3,1,15,10.6,-24,20.5
Jared Dudley,43,42,2016-01-26,30,WAS,A,TOR,-17,0,19:56,2,6,0.333,0,0,NA,0,0,NA,1,3,4,0,0,0,2,1,4,-0.2,-14,8
Jared Dudley,44,43,2016-01-28,30,WAS,H,DEN,-4,0,25:46,4,8,0.5,1,3,0.333,3,4,0.75,1,3,4,4,4,0,2,5,12,12,1,30.5
Jared Dudley,45,44,2016-01-30,30,WAS,A,HOU,1,1,36:55,5,8,0.625,2,5,0.4,4,5,0.8,0,5,5,4,1,0,1,4,16,14.7,2,30.8
Jared Dudley,46,45,2016-02-01,30,WAS,A,OKC,-16,1,30:52,2,6,0.333,1,3,0.333,3,3,1,1,3,4,6,1,0,1,1,8,10,-12,24
Jared Dudley,47,46,2016-02-03,30,WAS,H,GSW,-13,1,17:55,1,4,0.25,1,2,0.5,2,2,1,0,3,3,4,1,0,0,3,5,6.1,-11,17.3
Jared Dudley,48,47,2016-02-05,30,WAS,H,PHI,12,1,34:07,5,7,0.714,2,3,0.667,1,2,0.5,0,4,4,4,1,1,3,0,13,12.4,16,27.5
Jared Dudley,49,48,2016-02-06,30,WAS,A,CHO,-4,1,26:28,4,8,0.5,2,4,0.5,0,0,NA,0,0,0,1,2,1,2,0,10,7.4,-17,17.5
Jared Dudley,50,49,2016-02-09,30,WAS,A,NYK,3,1,30:42,5,8,0.625,4,5,0.8,0,0,NA,0,3,3,2,2,0,2,2,14,11.9,3,25.8
Jared Dudley,51,50,2016-02-11,30,WAS,A,MIL,-7,1,38:32,3,8,0.375,0,3,0,0,0,NA,1,6,7,3,0,2,1,5,6,4.6,0,22.8
Jared Dudley,52,51,2016-02-18,30,WAS,H,UTA,14,0,35:57,1,6,0.167,1,3,0.333,1,2,0.5,1,1,2,5,0,2,1,2,4,3.9,9,18
Jared Dudley,53,52,2016-02-19,30,WAS,H,DET,12,1,25:57,3,7,0.429,0,3,0,4,6,0.667,2,4,6,4,1,2,1,4,10,10.7,15,29
Jared Dudley,54,53,2016-02-20,30,WAS,A,MIA,-20,1,25:40,7,12,0.583,1,4,0.25,1,1,1,1,4,5,2,0,0,1,2,16,11.9,-14,25.3
Jared Dudley,55,54,2016-02-23,30,WAS,H,NOP,20,1,26:40,6,11,0.545,6,10,0.6,0,0,NA,0,4,4,5,1,0,2,3,18,15.2,24,34.5
Jared Dudley,56,55,2016-02-24,30,WAS,A,CHI,-5,1,19:38,2,7,0.286,1,5,0.2,0,0,NA,0,4,4,2,2,0,3,4,5,0.9,-11,16
Jared Dudley,57,56,2016-02-26,30,WAS,A,PHI,9,1,29:58,5,10,0.5,4,6,0.667,0,0,NA,1,2,3,3,1,1,1,2,14,12.3,14,27.8
Jared Dudley,58,57,2016-02-28,30,WAS,H,CLE,14,1,21:54,3,6,0.5,2,4,0.5,0,0,NA,1,3,4,2,0,0,0,2,8,7.2,8,17
Jared Dudley,59,58,2016-02-29,30,WAS,H,PHI,8,0,12:25,1,2,0.5,1,2,0.5,1,2,0.5,1,3,4,1,0,0,2,4,4,1.3,-1,10
Jared Dudley,60,59,2016-03-02,30,WAS,A,MIN,6,0,21:59,2,4,0.5,1,3,0.333,0,0,NA,0,3,3,2,0,1,0,3,5,4.8,12,14.3
Jared Dudley,61,60,2016-03-04,30,WAS,A,CLE,-25,0,15:10,0,1,0,0,1,0,0,0,NA,0,2,2,0,0,0,1,1,0,-1.5,-10,2
Jared Dudley,62,61,2016-03-05,30,WAS,H,IND,-1,0,16:01,1,3,0.333,0,0,NA,0,0,NA,1,2,3,0,1,0,1,2,2,0.8,-1,7.3
Jared Dudley,63,62,2016-03-08,30,WAS,A,POR,-7,0,39:05,6,10,0.6,1,4,0.25,3,4,0.75,2,3,5,1,2,0,1,5,16,13,-3,27.8
Jared Dudley,64,63,2016-03-11,30,WAS,A,UTA,-21,0,19:31,1,3,0.333,0,2,0,0,2,0,0,2,2,0,3,0,2,2,2,0.3,-15,9.5
Jared Dudley,65,64,2016-03-12,30,WAS,A,DEN,-16,0,17:49,2,4,0.5,0,1,0,1,2,0.5,0,3,3,2,1,0,0,3,5,4.7,-12,13.8
Jared Dudley,66,65,2016-03-14,30,WAS,H,DET,43,0,23:37,1,3,0.333,0,1,0,0,0,NA,0,0,0,1,0,0,0,2,2,0.2,7,3.5
Jared Dudley,67,66,2016-03-16,30,WAS,H,CHI,21,0,15:52,1,3,0.333,0,2,0,0,0,NA,1,1,2,0,0,0,1,1,2,-0.1,-6,4
Jared Dudley,68,67,2016-03-17,30,WAS,A,PHI,5,0,16:22,1,3,0.333,0,2,0,0,0,NA,1,2,3,1,0,0,0,4,2,0.7,0,7.3
Jared Dudley,69,68,2016-03-19,30,WAS,H,NYK,10,0,11:39,0,3,0,0,2,0,0,0,NA,1,1,2,1,0,0,0,1,0,-0.8,-10,4
Jared Dudley,70,69,2016-03-21,30,WAS,A,ATL,15,0,21:29,2,4,0.5,0,1,0,1,2,0.5,0,4,4,2,0,0,0,1,5,4.8,-3,13
Jared Dudley,71,70,2016-03-23,30,WAS,H,ATL,-21,0,21:50,3,6,0.5,1,3,0.333,0,0,NA,0,3,3,2,0,0,2,1,7,3.9,-19,13.3
Jared Dudley,72,71,2016-03-25,30,WAS,H,MIN,-3,0,31:05,4,8,0.5,2,5,0.4,0,0,NA,0,3,3,6,0,0,0,2,10,10.3,9,23.8
Jared Dudley,73,72,2016-03-27,30,WAS,A,LAL,13,0,11:01,0,1,0,0,0,NA,0,0,NA,0,1,1,2,0,0,0,2,0,0.2,8,4.3
Jared Dudley,74,73,2016-03-29,30,WAS,A,GSW,-8,0,17:56,2,4,0.5,0,1,0,1,1,1,1,1,2,1,1,0,1,1,5,4.3,8,10.5
Jared Dudley,75,74,2016-03-30,30,WAS,A,SAC,-9,0,15:43,0,3,0,0,2,0,2,2,1,1,2,3,2,0,0,1,2,2,0.8,-8,8.3
Jared Dudley,76,75,2016-04-01,30,WAS,A,PHO,7,0,13:56,1,2,0.5,1,1,1,0,0,NA,0,0,0,1,1,0,0,4,3,2.1,4,7
Jared Dudley,77,76,2016-04-03,30,WAS,A,LAC,-5,0,11:37,1,3,0.333,0,0,NA,0,0,NA,1,2,3,2,2,1,1,2,2,3.9,5,14.3
Jared Dudley,78,77,2016-04-06,30,WAS,H,BRK,18,0,14:52,1,4,0.25,0,2,0,0,0,NA,0,2,2,2,0,0,2,1,2,-0.8,15,6.5
Jared Dudley,79,78,2016-04-08,30,WAS,A,DET,-13,0,12:00,3,4,0.75,1,1,1,0,0,NA,0,2,2,2,0,0,0,4,7,5.8,2,13
Jared Dudley,80,79,2016-04-10,30,WAS,H,CHO,15,0,28:39,4,7,0.571,1,1,1,2,2,1,0,7,7,3,4,2,2,2,11,14.5,15,35.8
Jared Dudley,81,80,2016-04-11,30,WAS,A,BRK,9,1,22:05,4,6,0.667,0,1,0,0,0,NA,2,4,6,5,1,0,0,2,8,11.7,4,25
Jared Dudley,82,81,2016-04-13,30,WAS,H,ATL,11,1,33:22,5,8,0.625,1,4,0.25,3,4,0.75,2,4,6,3,2,0,1,3,14,14.5,30,30
Markieff Morris,55,38,2016-02-19,26,WAS,H,DET,12,0,22:03,2,8,0.25,0,2,0,2,2,1,0,2,2,0,0,0,2,3,6,-1.4,-3,7.5
Markieff Morris,56,39,2016-02-20,26,WAS,A,MIA,-20,0,20:33,2,7,0.286,0,1,0,1,2,0.5,2,2,4,1,2,1,1,5,5,2.9,-5,17
Markieff Morris,57,40,2016-02-23,26,WAS,H,NOP,20,0,21:34,3,8,0.375,0,3,0,0,0,NA,0,2,2,2,2,1,0,4,6,4.7,-4,17.5
Markieff Morris,58,41,2016-02-24,26,WAS,A,CHI,-5,0,28:22,1,7,0.143,0,0,NA,3,4,0.75,1,9,10,1,1,1,1,2,5,4.1,6,22.5
Markieff Morris,59,42,2016-02-26,26,WAS,A,PHI,9,0,18:02,3,9,0.333,0,2,0,4,4,1,0,7,7,0,1,2,0,4,10,7.8,-5,24.8
Markieff Morris,60,43,2016-02-28,26,WAS,H,CLE,14,0,20:37,4,8,0.5,0,1,0,1,1,1,0,3,3,1,2,0,1,3,9,6.4,22,17.8
Markieff Morris,61,44,2016-02-29,26,WAS,H,PHI,8,1,37:27,6,10,0.6,0,2,0,4,4,1,1,12,13,5,2,1,3,5,16,16.9,7,45.8
Markieff Morris,62,45,2016-03-02,26,WAS,A,MIN,6,1,23:57,2,6,0.333,1,3,0.333,2,2,1,0,6,6,2,0,0,1,3,7,4.6,-6,17.5
Markieff Morris,63,46,2016-03-04,26,WAS,A,CLE,-25,1,27:54,6,10,0.6,1,2,0.5,0,0,NA,1,4,5,2,0,0,2,1,13,9.3,-17,21.8
Markieff Morris,64,47,2016-03-05,26,WAS,H,IND,-1,1,32:02,6,11,0.545,1,1,1,1,2,0.5,3,5,8,0,1,0,1,0,14,11.9,0,26
Markieff Morris,65,48,2016-03-08,26,WAS,A,POR,-7,1,27:35,4,12,0.333,0,2,0,0,0,NA,1,6,7,0,0,1,3,5,8,-0.6,-7,17.3
Markieff Morris,66,49,2016-03-11,26,WAS,A,UTA,-21,1,29:24,6,11,0.545,1,1,1,3,3,1,0,4,4,2,1,0,3,4,16,9.7,-7,25
Markieff Morris,67,50,2016-03-12,26,WAS,A,DEN,-16,1,30:11,3,9,0.333,0,1,0,2,3,0.667,2,4,6,2,1,1,2,2,8,5.4,-4,21.5
Markieff Morris,68,51,2016-03-14,26,WAS,H,DET,43,1,24:23,6,11,0.545,2,5,0.4,0,0,NA,1,3,4,3,1,1,1,2,14,12.3,36,28
Markieff Morris,69,52,2016-03-16,26,WAS,H,CHI,21,1,14:06,5,8,0.625,1,2,0.5,0,0,NA,3,3,6,2,0,0,1,5,11,8.8,8,21.5
Markieff Morris,70,53,2016-03-17,26,WAS,A,PHI,5,1,25:40,7,13,0.538,0,3,0,0,0,NA,1,2,3,2,0,0,3,2,14,6.6,8,19.3
Markieff Morris,71,54,2016-03-19,26,WAS,H,NYK,10,1,36:21,8,15,0.533,1,6,0.167,0,0,NA,2,2,4,1,3,0,2,2,17,12.6,20,29
Markieff Morris,72,55,2016-03-21,26,WAS,A,ATL,15,1,26:31,5,11,0.455,2,3,0.667,2,5,0.4,0,7,7,0,3,1,1,3,14,10.7,18,31.3
Markieff Morris,73,56,2016-03-23,26,WAS,H,ATL,-21,1,26:10,8,12,0.667,3,6,0.5,0,0,NA,4,5,9,1,2,0,5,6,19,13.4,-2,34.8
Markieff Morris,74,57,2016-03-25,26,WAS,H,MIN,-3,1,9:44,2,4,0.5,1,1,1,2,2,1,0,3,3,0,0,0,1,0,7,4.9,-2,10.8
Markieff Morris,76,58,2016-03-29,26,WAS,A,GSW,-8,1,23:54,5,12,0.417,3,7,0.429,2,2,1,0,8,8,0,0,1,4,3,15,6.5,-12,26.5
Markieff Morris,77,59,2016-03-30,26,WAS,A,SAC,-9,1,32:08,6,13,0.462,1,4,0.25,0,0,NA,2,2,4,2,0,2,3,1,13,7.7,2,24
Markieff Morris,78,60,2016-04-01,26,WAS,A,PHO,7,1,34:04,8,15,0.533,2,5,0.4,3,4,0.75,1,8,9,1,1,4,0,2,21,20.1,3,44.8
Markieff Morris,79,61,2016-04-03,26,WAS,A,LAC,-5,1,36:23,7,14,0.5,2,4,0.5,2,4,0.5,1,7,8,3,1,0,0,4,18,14.5,-10,35.5
Markieff Morris,80,62,2016-04-06,26,WAS,H,BRK,18,1,27:47,4,13,0.308,0,2,0,1,2,0.5,1,6,7,2,0,0,3,1,9,1.6,12,19.3
Markieff Morris,81,63,2016-04-08,26,WAS,A,DET,-13,1,36:40,10,20,0.5,2,6,0.333,7,9,0.778,2,5,7,0,0,0,0,4,29,19.5,-15,38.8
Markieff Morris,82,64,2016-04-10,26,WAS,H,CHO,15,1,18:30,5,10,0.5,1,4,0.25,0,0,NA,1,1,2,2,1,0,1,4,11,6.8,-1,18.5
Ryan Hollins,2,1,2015-12-02,31,WAS,H,LAL,-4,0,10:50,0,0,NA,0,0,NA,0,0,NA,1,0,1,0,0,0,1,1,0,-0.7,-6,0.8
Ryan Hollins,3,2,2015-12-04,31,WAS,H,PHO,3,1,12:49,1,1,1,0,0,NA,0,0,NA,2,2,4,0,0,0,2,2,2,0.9,-1,6
Ryan Hollins,4,3,2015-12-06,31,WAS,H,DAL,-12,1,4:34,0,2,0,0,0,NA,0,0,NA,0,1,1,0,0,0,0,0,0,-1.1,0,1.3
Ryan Hollins,5,4,2015-12-07,31,WAS,A,MIA,11,1,14:25,2,3,0.667,0,0,NA,0,0,NA,4,1,5,0,0,1,0,1,4,6.1,-1,12.3
Ryan Hollins,7,5,2015-12-11,31,WAS,A,NOP,-2,0,5:13,1,1,1,0,0,NA,0,0,NA,0,0,0,0,0,0,0,0,2,1.7,-10,2
Jarell Eddie,2,1,2015-12-26,24,WAS,A,BRK,15,0,14:27,4,7,0.571,4,5,0.8,0,0,NA,1,3,4,1,0,0,0,0,12,11,7,20.5
Jarell Eddie,3,2,2015-12-28,24,WAS,H,LAC,-17,0,18:18,2,7,0.286,2,7,0.286,2,2,1,0,2,2,1,2,1,0,1,8,7.5,-6,19
Jarell Eddie,4,3,2015-12-30,24,WAS,A,TOR,-3,0,5:36,0,2,0,0,1,0,0,0,NA,0,2,2,0,0,0,0,2,0,-1.6,-3,2.5
Jarell Eddie,6,4,2016-01-03,24,WAS,H,MIA,-22,0,12:17,1,6,0.167,1,5,0.2,0,0,NA,0,2,2,0,0,0,0,0,3,-0.2,0,6
Jarell Eddie,7,5,2016-01-06,24,WAS,H,CLE,-6,0,7:48,1,1,1,1,1,1,2,2,1,0,1,1,0,0,0,0,0,5,5,-3,6.8
Jarell Eddie,10,6,2016-01-11,24,WAS,A,CHI,14,0,1:32,0,0,NA,0,0,NA,0,0,NA,0,0,0,0,0,0,0,0,0,0,-1,0
Jarell Eddie,12,7,2016-01-15,24,WAS,A,IND,14,0,2:40,1,2,0.5,1,2,0.5,0,0,NA,0,0,0,0,0,0,0,0,3,2,-6,3.5
Jarell Eddie,14,8,2016-01-18,24,WAS,H,POR,-10,0,2:17,0,2,0,0,2,0,0,0,NA,0,0,0,0,0,0,0,0,0,-1.4,7,0
Jarell Eddie,15,9,2016-01-20,24,WAS,H,MIA,19,0,2:25,1,1,1,1,1,1,0,0,NA,0,0,0,0,0,0,0,0,3,2.7,-2,3.5
Jarell Eddie,16,10,2016-01-25,24,WAS,H,BOS,-25,0,5:18,2,5,0.4,2,4,0.5,0,0,NA,0,1,1,0,0,0,0,0,6,3.6,-3,8.3
Jarell Eddie,17,11,2016-01-26,24,WAS,A,TOR,-17,0,3:05,1,3,0.333,0,2,0,0,0,NA,0,1,1,0,0,0,0,0,2,0.6,-2,3.3
Jarell Eddie,20,12,2016-02-01,24,WAS,A,OKC,-16,0,1:26,0,1,0,0,1,0,0,0,NA,0,0,0,0,0,0,0,0,0,-0.7,-2,0
Jarell Eddie,21,13,2016-02-03,24,WAS,H,GSW,-13,0,0:35,0,0,NA,0,0,NA,0,0,NA,0,0,0,0,0,0,1,0,0,-1,-2,-0.5
Jarell Eddie,22,14,2016-02-05,24,WAS,H,PHI,12,0,1:07,0,1,0,0,1,0,0,0,NA,0,0,0,0,0,0,0,0,0,-0.7,-2,0
Jarell Eddie,26,15,2016-02-18,24,WAS,H,UTA,14,0,1:45,0,0,NA,0,0,NA,0,0,NA,0,0,0,0,0,0,0,0,0,0,-3,0
Jarell Eddie,27,16,2016-02-19,24,WAS,H,DET,12,0,2:27,0,0,NA,0,0,NA,0,0,NA,0,0,0,0,0,0,0,0,0,0,-4,0
Jarell Eddie,28,17,2016-02-20,24,WAS,A,MIA,-20,0,4:34,0,0,NA,0,0,NA,0,0,NA,0,0,0,0,0,0,0,0,0,0,1,0
Jarell Eddie,29,18,2016-02-23,24,WAS,H,NOP,20,0,2:14,0,1,0,0,0,NA,0,0,NA,0,0,0,0,0,0,0,1,0,-1.1,-1,0
Jarell Eddie,35,19,2016-03-04,24,WAS,A,CLE,-25,0,5:50,0,2,0,0,1,0,0,0,NA,0,1,1,0,0,0,0,0,0,-1.1,2,1.3
Jarell Eddie,38,20,2016-03-11,24,WAS,A,UTA,-21,0,2:17,0,1,0,0,1,0,0,0,NA,0,0,0,0,0,0,0,0,0,-0.7,-2,0
Jarell Eddie,39,21,2016-03-12,24,WAS,A,DEN,-16,0,0:12,0,0,NA,0,0,NA,0,0,NA,0,0,0,0,0,0,0,0,0,0,2,0
Jarell Eddie,47,22,2016-03-27,24,WAS,A,LAL,13,0,1:07,1,1,1,0,0,NA,0,0,NA,0,0,0,0,0,0,0,0,2,1.7,-3,2
Jarell Eddie,52,23,2016-04-06,24,WAS,H,BRK,18,0,5:21,0,3,0,0,3,0,2,2,1,0,0,0,1,1,0,0,0,2,1.6,-9,5.5
Jarell Eddie,54,24,2016-04-10,24,WAS,H,CHO,15,0,0:51,1,1,1,1,1,1,0,0,NA,0,0,0,0,0,0,0,0,3,2.7,1,3.5
Jarell Eddie,55,25,2016-04-11,24,WAS,A,BRK,9,0,20:43,3,13,0.231,1,6,0.167,0,0,NA,0,4,4,1,1,0,0,0,7,2,4,16
Jarell Eddie,56,26,2016-04-13,24,WAS,H,ATL,11,0,20:34,2,5,0.4,1,3,0.333,2,2,1,1,4,5,1,1,0,0,1,7,7.5,-3,17.3
